id,style,code
1,CR200J,CR200J-1001
2,CR200J,CR200J-1002
3,CR200J,CR200J-1003
4,CR200J,CR200J-1004
5,CR200J,CR200J-1005
6,CR200J,CR200J-1008
7,CR200J,CR200J-1009
8,CR200J,CR200J-1028
9,CR200J,CR200J-1029
10,CR200J,CR200J-1034
11,CR200J,CR200J-1035
12,CR200J,CR200J-1036
13,CR200J,CR200J-1037
14,CR200J,CR200J-1038
15,CR200J,CR200J-1039
16,CR200J,CR200J-1042
17,CR200J,CR200J-1043
18,CR200J,CR200J-1044
19,CR200J,CR200J-1046
20,CR200J,CR200J-1049
21,CR200J,CR200J-1051
22,CR200J,CR200J-1052
23,CR200J,CR200J-1053
24,CR200J,CR200J-1054
25,CR200J,CR200J-1056
26,CR200J,CR200J-1057
27,CR200J,CR200J-1058
28,CR200J,CR200J-1059
29,CR200J,CR200J-1060
30,CR200J,CR200J-1068
31,CR200J,CR200J-1071
32,CR200J,CR200J-1072
33,CR200J,CR200J-1073
34,CR200J,CR200J-1074
35,CR200J,CR200J-1075
36,CR200J,CR200J-1077
37,CR200J,CR200J-1078
38,CR200J,CR200J-1080
39,CR200J,CR200J-1088
40,CR200J,CR200J-1089
41,CR200J,CR200J-1090
42,CR200J,CR200J-1091
43,CR200J,CR200J-1092
44,CR200J,CR200J-1093
45,CR200J,CR200J-1094
46,CR200J,CR200J-1098
47,CR200J,CR200J-1099
48,CR200J,CR200J-1100
49,CR200J,CR200J-1104
50,CR200J,CR200J-1105
51,CR200J,CR200J-1108
52,CR200J,CR200J-2001
53,CR200J,CR200J-2002
54,CR200J,CR200J-2003
55,CR200J,CR200J-2004
56,CR200J,CR200J-2005
57,CR200J,CR200J-2007
58,CR200J,CR200J-2009
59,CR200J,CR200J-2011
60,CR200J,CR200J-2012
61,CR200J,CR200J-2013
62,CR200J,CR200J-2014
63,CR200J,CR200J-2015
64,CR200J,CR200J-2016
65,CR200J,CR200J-2017
66,CR200J,CR200J-2019
67,CR200J,CR200J-2021
68,CR200J,CR200J-2025
69,CR200J,CR200J-2026
70,CR200J,CR200J-2027
71,CR200J,CR200J-2028
72,CR200J,CR200J-2031
73,CR200J,CR200J-2036
74,CR200J,CR200J-2037
75,CR200J,CR200J-2038
76,CR200J,CR200J-2039
77,CR200J,CR200J-2041
78,CR200J,CR200J-2042
79,CR200J,CR200J-2048
80,CR200J,CR200J-2049
81,CR200J,CR200J-2050
82,CR200J,CR200J-2051
83,CR200J,CR200J-2052
84,CR200J,CR200J-2054
85,CR200J,CR200J-2055
86,CR200J,CR200J-2056
87,CR200J,CR200J-2057
88,CR200J,CR200J-2058
89,CR200J,CR200J-2060
90,CR200J,CR200J-2063
91,CR200J,CR200J-2070
92,CR200J,CR200J-2073
93,CR200J,CR200J-2074
94,CR200J,CR200J-2083
95,CR200J,CR200J-3002
96,CR200J,CR200J-3004
97,CR200J,CR200J-3006
98,CR200J,CR200J-4001
99,CR200J,CR200J-4002
100,CR200J,CR200J-4004
101,CR200J,CR200J-4005
102,CR200J,CR200J-4006
103,CR200J,CR200J-4008
104,CR200J,CR200J-5001
105,CR200J,CR200J-5002
106,CR200J,CR200J-5003
107,CR200J,CR200J-5004
108,CR200J,CR200J-5005
109,CR200J,CR200J-5006
110,CR200J,CR200J-5007
111,CR200J,CR200J-5009
112,CR200J,CR200J-5010
113,CR200J,CR200J-5012
114,CR200J,CR200J-5013
115,CR200J,CR200J-5015
116,CR200J,CR200J-5016
117,CR200J,CR200J-5017
118,CR200J,CR200J-5018
119,CR200J,CR200J-6002
120,CR200J,CR200J-6003
121,CR200J,CR200J-6004
122,CR200J,CR200J-6006
123,CR200J,CR200J-6007
124,CR200J,CR200J-6008
125,CR200J,CR200J-6009
126,CR200J,CR200J-6010
127,CR200J,CR200J-6011
128,CR200J,CR200J-6013
129,CR200J,CR200J-6014
130,CR200J,CR200J-6015
131,CR200J,CR200J-6016
132,CR200J,CR200J-6017
133,CR200J,CR200J-6019
134,CR200J,CR200J-6020
135,CR200J,CR200J-6021
136,CR200J-B,CR200J-B-2077
137,CR200J-B,CR200J-B-2078
138,CR200J-B,CR200J-B-2079
139,CR200J-B,CR200J-B-2080
140,CR200J-B,CR200J-B-2081
141,CR200J-B,CR200J-B-2084
142,CR200J-C,CR200J-C-5020
143,CR200J-C,CR200J-C-5022
144,CR200J-C,CR200J-C-5023
145,CR200J-C,CR200J-C-5029
146,CR200J-C,CR200J-C-5038
147,CR200J-D,CR200J-D-2801
148,CR200J-D,CR200J-D-2802
149,CR200J-D,CR200J-D-2803
150,CR200J-D,CR200J-D-2804
151,CR200J-D,CR200J-D-2805
152,CR200J-D,CR200J-D-2806
153,CR200J-D,CR200J-D-2807
154,CR200J-D,CR200J-D-2808
155,CR200J-D,CR200J-D-2809
156,CR200J-D,CR200J-D-2817
157,CR200J-D,CR200J-D-2818
158,CR200J-D,CR200J-D-2819
159,CR200J-D,CR200J-D-2820
160,CR200J-D,CR200J-D-2821
161,CR200J1,CR200J1-2033
162,CR200J1,CR200J1-2034
163,CR200J1,CR200J1-2035
164,CR200J1,CR200J1-2043
165,CR200J1,CR200J1-2044
166,CR200J1,CR200J1-2045
167,CR200J1,CR200J1-2047
168,CR200J1,CR200J1-2064
169,CR200J1,CR200J1-2065
170,CR200J1,CR200J1-2068
171,CR200J1,CR200J1-2069
172,CR200J1-C,CR200J1-C-2085
173,CR200J1-C,CR200J1-C-2087
174,CR200J1-C,CR200J1-C-2088
175,CR200J1-C,CR200J1-C-2089
176,CR200J1-C,CR200J1-C-2090
177,CR200J1-C,CR200J1-C-2091
178,CR200J1-C,CR200J1-C-2092
179,CR200J1-C,CR200J1-C-2093
180,CR200J1-C,CR200J1-C-2094
181,CR200J1-C,CR200J1-C-2095
182,CR200J1-C,CR200J1-C-2096
183,CR200J1-C,CR200J1-C-2097
184,CR200J1-C,CR200J1-C-2098
185,CR200J1-C,CR200J1-C-2099
186,CR200J1-C,CR200J1-C-2100
187,CR200J1-C,CR200J1-C-2101
188,CR200J1-C,CR200J1-C-2102
189,CR200J1-C,CR200J1-C-2104
190,CR200J1-C,CR200J1-C-2105
191,CR200J1-C,CR200J1-C-2106
192,CR200J1-C,CR200J1-C-2107
193,CR200J1-C,CR200J1-C-2109
194,CR200J1-C,CR200J1-C-2110
195,CR200J1-C,CR200J1-C-2111
196,CR200J1-C,CR200J1-C-2112
197,CR200J1-C,CR200J1-C-2113
198,CR200J1-C,CR200J1-C-2116
199,CR200J1-C,CR200J1-C-2117
200,CR200J1-C,CR200J1-C-2118
201,CR200J1-C,CR200J1-C-2120
202,CR200J1-C,CR200J1-C-2121
203,CR200J1-C,CR200J1-C-2122
204,CR200J1-C,CR200J1-C-2123
205,CR200J1-C,CR200J1-C-2124
206,CR200J1-C,CR200J1-C-2125
207,CR200J1-C,CR200J1-C-2126
208,CR200J1-C,CR200J1-C-2127
209,CR200J1-C,CR200J1-C-6023
210,CR200J1-C,CR200J1-C-6024
211,CR200J1-C,CR200J1-C-6025
212,CR200J1-C,CR200J1-C-6026
213,CR200J1-C,CR200J1-C-6027
214,CR200J1-C,CR200J1-C-6028
215,CR200J1-C,CR200J1-C-6029
216,CR200J1-C,CR200J1-C-6030
217,CR200J1-C,CR200J1-C-6031
218,CR200J1-C,CR200J1-C-6032
219,CR200J1-C,CR200J1-C-6033
220,CR200J1-C,CR200J1-C-6034
221,CR200J1-C,CR200J1-C-6035
222,CR200J1-C,CR200J1-C-6038
223,CR200J1-C,CR200J1-C-6039
224,CR200J1-C,CR200J1-C-6041
225,CR200J1-C,CR200J1-C-6042
226,CR200J1-C,CR200J1-C-6043
227,CR200J1-C,CR200J1-C-6044
228,CR200J1-C,CR200J1-C-6045
229,CR200J1-D,CR200J1-D-2810
230,CR200J1-D,CR200J1-D-2812
231,CR200J1-D,CR200J1-D-2813
232,CR200J1-D,CR200J1-D-2822
233,CR200J1-D,CR200J1-D-2823
234,CR200J1-D,CR200J1-D-2824
235,CR200J1-D,CR200J1-D-2826
236,CR200J1-D,CR200J1-D-2830
237,CR200J1-D,CR200J1-D-2832
238,CR200J3,CR200J3-1006
239,CR200J3,CR200J3-1007
240,CR200J3,CR200J3-1010
241,CR200J3,CR200J3-1011
242,CR200J3,CR200J3-1012
243,CR200J3,CR200J3-1013
244,CR200J3,CR200J3-1014
245,CR200J3,CR200J3-1015
246,CR200J3,CR200J3-1016
247,CR200J3,CR200J3-1017
248,CR200J3,CR200J3-1018
249,CR200J3,CR200J3-1022
250,CR200J3,CR200J3-1024
251,CR200J3,CR200J3-1025
252,CR200J3,CR200J3-1030
253,CR200J3,CR200J3-1061
254,CR200J3,CR200J3-1062
255,CR200J3,CR200J3-1063
256,CR200J3,CR200J3-1065
257,CR200J3,CR200J3-1066
258,CR200J3,CR200J3-1081
259,CR200J3,CR200J3-1083
260,CR200J3,CR200J3-1084
261,CR200J3,CR200J3-1085
262,CR200J3-B,CR200J3-B-1110
263,CR200J3-C,CR200J3-C-0501
264,CR200J3-C,CR200J3-C-0502
265,CR200J3-C,CR200J3-C-0503
266,CR200J3-C,CR200J3-C-0504
267,CR200J3-C,CR200J3-C-1112
268,CR200J3-C,CR200J3-C-1113
269,CR200J3-C,CR200J3-C-1114
270,CR200J3-C,CR200J3-C-1115
271,CR200J3-C,CR200J3-C-1116
272,CR200J3-C,CR200J3-C-1117
273,CR200J3-C,CR200J3-C-1118
274,CR200J3-C,CR200J3-C-1119
275,CR200J3-C,CR200J3-C-1120
276,CR200J3-C,CR200J3-C-1121
277,CR200J3-C,CR200J3-C-1122
278,CR200J3-C,CR200J3-C-1123
279,CR200J3-C,CR200J3-C-1124
280,CR200J3-C,CR200J3-C-1126
281,CR200J3-C,CR200J3-C-1128
282,CR200J3-C,CR200J3-C-1130
283,CR200J3-C,CR200J3-C-1132
284,CR200J3-C,CR200J3-C-1134
285,CR200J3-C,CR200J3-C-1135
286,CR200J3-C,CR200J3-C-1136
287,CR200J3-C,CR200J3-C-1137
288,CR200J3-C,CR200J3-C-1138
289,CR200J3-C,CR200J3-C-1139
290,CR200J3-C,CR200J3-C-1140
291,CR200J3-C,CR200J3-C-1143
292,CR200J3-C,CR200J3-C-1144
293,CR200J3-C,CR200J3-C-5024
294,CR200J3-C,CR200J3-C-5026
295,CR200J3-C,CR200J3-C-5027
296,CR200J3-C,CR200J3-C-5030
297,CR200J3-C,CR200J3-C-5032
298,CR200J3-C,CR200J3-C-5034
299,CR200J3-C,CR200J3-C-5035
300,CR200J3-C,CR200J3-C-5036
301,CR200J3-C,CR200J3-C-5037
302,CR200J3-C,CR200J3-C-5042
303,CR200J3-C,CR200J3-C-5043
304,CR200J3-C,CR200J3-C-5044
305,CR200J3-C,CR200J3-C-5045
306,CR200JS-G,CR200JS-G-2902
307,CR200JS-G,CR200JS-G-2903
308,CR300AF,CR300AF-0003
309,CR300AF,CR300AF-1001
310,CR300AF,CR300AF-1002
311,CR300AF,CR300AF-1003
312,CR300AF,CR300AF-1004
313,CR300AF,CR300AF-1006
314,CR300AF,CR300AF-1007
315,CR300AF,CR300AF-1008
316,CR300AF,CR300AF-1009
317,CR300AF,CR300AF-1010
318,CR300AF,CR300AF-1011
319,CR300AF,CR300AF-1012
320,CR300AF,CR300AF-1013
321,CR300AF,CR300AF-2001
322,CR300AF,CR300AF-2002
323,CR300AF,CR300AF-2003
324,CR300AF,CR300AF-2004
325,CR300AF,CR300AF-2006
326,CR300AF,CR300AF-2007
327,CR300AF,CR300AF-2008
328,CR300AF,CR300AF-2010
329,CR300AF,CR300AF-2013
330,CR300AF,CR300AF-2014
331,CR300AF,CR300AF-2015
332,CR300AF,CR300AF-2016
333,CR300AF,CR300AF-2018
334,CR300AF,CR300AF-2021
335,CR300AF,CR300AF-2022
336,CR300AF,CR300AF-2024
337,CR300AF,CR300AF-2027
338,CR300AF,CR300AF-2028
339,CR300AF,CR300AF-2029
340,CR300AF,CR300AF-2030
341,CR300AF,CR300AF-2031
342,CR300AF,CR300AF-2032
343,CR300AF,CR300AF-2033
344,CR300AF,CR300AF-2034
345,CR300AF,CR300AF-2035
346,CR300AF,CR300AF-2036
347,CR300AF,CR300AF-2039
348,CR300AF,CR300AF-2040
349,CR300AF,CR300AF-2041
350,CR300AF,CR300AF-2043
351,CR300AF,CR300AF-2045
352,CR300AF,CR300AF-2046
353,CR300AF,CR300AF-2047
354,CR300AF,CR300AF-6002
355,CR300AF,CR300AF-6003
356,CR300AF,CR300AF-6004
357,CR300BF,CR300BF-0002
358,CR300BF,CR300BF-0005
359,CR300BF,CR300BF-0006
360,CR300BF,CR300BF-3001
361,CR300BF,CR300BF-3003
362,CR300BF,CR300BF-3005
363,CR300BF,CR300BF-3006
364,CR300BF,CR300BF-3007
365,CR300BF,CR300BF-3009
366,CR300BF,CR300BF-3010
367,CR300BF,CR300BF-3011
368,CR300BF,CR300BF-3012
369,CR300BF,CR300BF-3017
370,CR300BF,CR300BF-3019
371,CR300BF,CR300BF-3020
372,CR300BF,CR300BF-3024
373,CR300BF,CR300BF-3025
374,CR300BF,CR300BF-3026
375,CR300BF,CR300BF-5001
376,CR300BF,CR300BF-5002
377,CR300BF,CR300BF-5003
378,CR300BF,CR300BF-5005
379,CR300BF,CR300BF-5007
380,CR300BF,CR300BF-5009
381,CR300BF,CR300BF-5010
382,CR300BF,CR300BF-5012
383,CR300BF,CR300BF-5013
384,CR300BF,CR300BF-5014
385,CR300BF,CR300BF-5015
386,CR300BF,CR300BF-5016
387,CR300BF,CR300BF-5017
388,CR300BF,CR300BF-5018
389,CR300BF,CR300BF-5019
390,CR300BF,CR300BF-5020
391,CR300BF,CR300BF-5021
392,CR300BF,CR300BF-5023
393,CR300BF,CR300BF-5024
394,CR300BF,CR300BF-5025
395,CR300BF,CR300BF-5026
396,CR300BF,CR300BF-5027
397,CR300BF,CR300BF-5028
398,CR300BF,CR300BF-5029
399,CR300BF,CR300BF-5030
400,CR300BF,CR300BF-5031
401,CR300BF,CR300BF-5032
402,CR300BF,CR300BF-5033
403,CR300BF,CR300BF-5036
404,CR300BF,CR300BF-5037
405,CR300BF,CR300BF-5038
406,CR300BF,CR300BF-5039
407,CR300BF,CR300BF-5040
408,CR300BF,CR300BF-5041
409,CR400AF,CR400AF-0207
410,CR400AF,CR400AF-1006
411,CR400AF,CR400AF-1008
412,CR400AF,CR400AF-1011
413,CR400AF,CR400AF-1013
414,CR400AF,CR400AF-1014
415,CR400AF,CR400AF-1015
416,CR400AF,CR400AF-1018
417,CR400AF,CR400AF-1019
418,CR400AF,CR400AF-1020
419,CR400AF,CR400AF-1021
420,CR400AF,CR400AF-1023
421,CR400AF,CR400AF-1024
422,CR400AF,CR400AF-1025
423,CR400AF,CR400AF-1039
424,CR400AF,CR400AF-1040
425,CR400AF,CR400AF-2001
426,CR400AF,CR400AF-2002
427,CR400AF,CR400AF-2003
428,CR400AF,CR400AF-2004
429,CR400AF,CR400AF-2005
430,CR400AF,CR400AF-2006
431,CR400AF,CR400AF-2007
432,CR400AF,CR400AF-2010
433,CR400AF,CR400AF-2013
434,CR400AF,CR400AF-2014
435,CR400AF,CR400AF-2017
436,CR400AF,CR400AF-2022
437,CR400AF,CR400AF-2025
438,CR400AF,CR400AF-2026
439,CR400AF,CR400AF-2028
440,CR400AF,CR400AF-2031
441,CR400AF,CR400AF-2033
442,CR400AF,CR400AF-2037
443,CR400AF,CR400AF-2038
444,CR400AF,CR400AF-2041
445,CR400AF,CR400AF-2043
446,CR400AF,CR400AF-2044
447,CR400AF,CR400AF-2046
448,CR400AF,CR400AF-2047
449,CR400AF,CR400AF-2048
450,CR400AF,CR400AF-2050
451,CR400AF,CR400AF-2051
452,CR400AF,CR400AF-2052
453,CR400AF,CR400AF-2053
454,CR400AF,CR400AF-2054
455,CR400AF,CR400AF-2055
456,CR400AF,CR400AF-2056
457,CR400AF,CR400AF-2057
458,CR400AF,CR400AF-2058
459,CR400AF,CR400AF-2059
460,CR400AF,CR400AF-2060
461,CR400AF,CR400AF-2062
462,CR400AF,CR400AF-2063
463,CR400AF,CR400AF-2064
464,CR400AF,CR400AF-2085
465,CR400AF,CR400AF-2086
466,CR400AF,CR400AF-2087
467,CR400AF,CR400AF-2088
468,CR400AF,CR400AF-2089
469,CR400AF,CR400AF-2092
470,CR400AF,CR400AF-2093
471,CR400AF,CR400AF-2124
472,CR400AF,CR400AF-2125
473,CR400AF,CR400AF-2127
474,CR400AF,CR400AF-2128
475,CR400AF,CR400AF-2129
476,CR400AF,CR400AF-2130
477,CR400AF,CR400AF-2132
478,CR400AF,CR400AF-2133
479,CR400AF,CR400AF-2134
480,CR400AF,CR400AF-2135
481,CR400AF,CR400AF-2136
482,CR400AF,CR400AF-2137
483,CR400AF,CR400AF-2138
484,CR400AF,CR400AF-2139
485,CR400AF,CR400AF-2140
486,CR400AF,CR400AF-2141
487,CR400AF,CR400AF-2143
488,CR400AF,CR400AF-2145
489,CR400AF,CR400AF-2146
490,CR400AF,CR400AF-2148
491,CR400AF,CR400AF-2150
492,CR400AF,CR400AF-2151
493,CR400AF,CR400AF-2153
494,CR400AF,CR400AF-2155
495,CR400AF,CR400AF-2158
496,CR400AF,CR400AF-2159
497,CR400AF,CR400AF-2160
498,CR400AF,CR400AF-2162
499,CR400AF,CR400AF-2164
500,CR400AF,CR400AF-2171
501,CR400AF,CR400AF-2172
502,CR400AF,CR400AF-2173
503,CR400AF,CR400AF-2174
504,CR400AF,CR400AF-2175
505,CR400AF,CR400AF-2176
506,CR400AF,CR400AF-2177
507,CR400AF,CR400AF-2178
508,CR400AF,CR400AF-2179
509,CR400AF,CR400AF-2182
510,CR400AF,CR400AF-2184
511,CR400AF,CR400AF-2213
512,CR400AF,CR400AF-2222
513,CR400AF,CR400AF-2223
514,CR400AF,CR400AF-2224
515,CR400AF,CR400AF-2229
516,CR400AF,CR400AF-2232
517,CR400AF,CR400AF-2233
518,CR400AF,CR400AF-2234
519,CR400AF,CR400AF-2235
520,CR400AF,CR400AF-2236
521,CR400AF,CR400AF-2239
522,CR400AF,CR400AF-2240
523,CR400AF,CR400AF-2241
524,CR400AF,CR400AF-2242
525,CR400AF,CR400AF-2244
526,CR400AF,CR400AF-2245
527,CR400AF,CR400AF-2246
528,CR400AF,CR400AF-2247
529,CR400AF,CR400AF-2248
530,CR400AF,CR400AF-2255
531,CR400AF-A,CR400AF-A-1001
532,CR400AF-A,CR400AF-A-1002
533,CR400AF-A,CR400AF-A-1004
534,CR400AF-A,CR400AF-A-1026
535,CR400AF-A,CR400AF-A-1027
536,CR400AF-A,CR400AF-A-1028
537,CR400AF-A,CR400AF-A-1030
538,CR400AF-A,CR400AF-A-1031
539,CR400AF-A,CR400AF-A-1032
540,CR400AF-A,CR400AF-A-1033
541,CR400AF-A,CR400AF-A-1035
542,CR400AF-A,CR400AF-A-1036
543,CR400AF-A,CR400AF-A-1038
544,CR400AF-A,CR400AF-A-2065
545,CR400AF-A,CR400AF-A-2066
546,CR400AF-A,CR400AF-A-2067
547,CR400AF-A,CR400AF-A-2068
548,CR400AF-A,CR400AF-A-2069
549,CR400AF-A,CR400AF-A-2070
550,CR400AF-A,CR400AF-A-2073
551,CR400AF-A,CR400AF-A-2074
552,CR400AF-A,CR400AF-A-2075
553,CR400AF-A,CR400AF-A-2076
554,CR400AF-A,CR400AF-A-2077
555,CR400AF-A,CR400AF-A-2078
556,CR400AF-A,CR400AF-A-2079
557,CR400AF-A,CR400AF-A-2080
558,CR400AF-A,CR400AF-A-2081
559,CR400AF-A,CR400AF-A-2083
560,CR400AF-A,CR400AF-A-2084
561,CR400AF-A,CR400AF-A-2095
562,CR400AF-A,CR400AF-A-2096
563,CR400AF-A,CR400AF-A-2098
564,CR400AF-A,CR400AF-A-2099
565,CR400AF-A,CR400AF-A-2100
566,CR400AF-A,CR400AF-A-2102
567,CR400AF-A,CR400AF-A-2103
568,CR400AF-A,CR400AF-A-2104
569,CR400AF-A,CR400AF-A-2106
570,CR400AF-A,CR400AF-A-2107
571,CR400AF-A,CR400AF-A-2108
572,CR400AF-A,CR400AF-A-2110
573,CR400AF-A,CR400AF-A-2111
574,CR400AF-A,CR400AF-A-2112
575,CR400AF-A,CR400AF-A-2113
576,CR400AF-A,CR400AF-A-2190
577,CR400AF-A,CR400AF-A-2191
578,CR400AF-A,CR400AF-A-2192
579,CR400AF-A,CR400AF-A-2193
580,CR400AF-A,CR400AF-A-2194
581,CR400AF-A,CR400AF-A-2195
582,CR400AF-A,CR400AF-A-2196
583,CR400AF-A,CR400AF-A-2197
584,CR400AF-A,CR400AF-A-2198
585,CR400AF-A,CR400AF-A-2199
586,CR400AF-A,CR400AF-A-2200
587,CR400AF-A,CR400AF-A-2202
588,CR400AF-A,CR400AF-A-2203
589,CR400AF-A,CR400AF-A-2204
590,CR400AF-A,CR400AF-A-2205
591,CR400AF-A,CR400AF-A-2211
592,CR400AF-A,CR400AF-A-2212
593,CR400AF-AE,CR400AF-AE-2398
594,CR400AF-AE,CR400AF-AE-2399
595,CR400AF-AE,CR400AF-AE-2400
596,CR400AF-AE,CR400AF-AE-2401
597,CR400AF-AE,CR400AF-AE-2402
598,CR400AF-AS,CR400AF-AS-1107
599,CR400AF-AS,CR400AF-AS-1108
600,CR400AF-AS,CR400AF-AS-1109
601,CR400AF-AS,CR400AF-AS-1110
602,CR400AF-AS,CR400AF-AS-1111
603,CR400AF-AS,CR400AF-AS-2482
604,CR400AF-AS,CR400AF-AS-2483
605,CR400AF-AS,CR400AF-AS-2484
606,CR400AF-AS,CR400AF-AS-2485
607,CR400AF-AS,CR400AF-AS-2487
608,CR400AF-AS,CR400AF-AS-2489
609,CR400AF-AS,CR400AF-AS-2490
610,CR400AF-AS,CR400AF-AS-2491
611,CR400AF-AS,CR400AF-AS-2492
612,CR400AF-AS,CR400AF-AS-2493
613,CR400AF-AS,CR400AF-AS-2494
614,CR400AF-AS,CR400AF-AS-2496
615,CR400AF-AS,CR400AF-AS-2498
616,CR400AF-AS,CR400AF-AS-2499
617,CR400AF-AS,CR400AF-AS-2500
618,CR400AF-AS,CR400AF-AS-2515
619,CR400AF-AS,CR400AF-AS-2516
620,CR400AF-AS,CR400AF-AS-2517
621,CR400AF-AS,CR400AF-AS-2518
622,CR400AF-AS,CR400AF-AS-2519
623,CR400AF-AS,CR400AF-AS-2520
624,CR400AF-AZ,CR400AF-AZ-2311
625,CR400AF-AZ,CR400AF-AZ-2313
626,CR400AF-AZ,CR400AF-AZ-2314
627,CR400AF-B,CR400AF-B-2116
628,CR400AF-B,CR400AF-B-2117
629,CR400AF-B,CR400AF-B-2118
630,CR400AF-B,CR400AF-B-2119
631,CR400AF-B,CR400AF-B-2120
632,CR400AF-B,CR400AF-B-2121
633,CR400AF-B,CR400AF-B-2122
634,CR400AF-B,CR400AF-B-2206
635,CR400AF-B,CR400AF-B-2207
636,CR400AF-B,CR400AF-B-2209
637,CR400AF-B,CR400AF-B-2210
638,CR400AF-BS,CR400AF-BS-2342
639,CR400AF-BS,CR400AF-BS-2343
640,CR400AF-BS,CR400AF-BS-2344
641,CR400AF-BS,CR400AF-BS-2345
642,CR400AF-BZ,CR400AF-BZ-2249
643,CR400AF-BZ,CR400AF-BZ-2250
644,CR400AF-C,CR400AF-C-2214
645,CR400AF-G,CR400AF-G-0021
646,CR400AF-G,CR400AF-G-2216
647,CR400AF-G,CR400AF-G-2217
648,CR400AF-S,CR400AF-S-0224
649,CR400AF-S,CR400AF-S-0225
650,CR400AF-S,CR400AF-S-0226
651,CR400AF-S,CR400AF-S-0227
652,CR400AF-S,CR400AF-S-0228
653,CR400AF-S,CR400AF-S-0230
654,CR400AF-S,CR400AF-S-0231
655,CR400AF-S,CR400AF-S-0232
656,CR400AF-S,CR400AF-S-0233
657,CR400AF-S,CR400AF-S-0234
658,CR400AF-S,CR400AF-S-0235
659,CR400AF-S,CR400AF-S-0237
660,CR400AF-S,CR400AF-S-0238
661,CR400AF-S,CR400AF-S-0239
662,CR400AF-S,CR400AF-S-0240
663,CR400AF-S,CR400AF-S-0241
664,CR400AF-S,CR400AF-S-1066
665,CR400AF-S,CR400AF-S-1069
666,CR400AF-S,CR400AF-S-1070
667,CR400AF-S,CR400AF-S-1071
668,CR400AF-S,CR400AF-S-1072
669,CR400AF-S,CR400AF-S-1073
670,CR400AF-S,CR400AF-S-1074
671,CR400AF-S,CR400AF-S-1075
672,CR400AF-S,CR400AF-S-1077
673,CR400AF-S,CR400AF-S-1078
674,CR400AF-S,CR400AF-S-1079
675,CR400AF-S,CR400AF-S-1081
676,CR400AF-S,CR400AF-S-1082
677,CR400AF-S,CR400AF-S-1083
678,CR400AF-S,CR400AF-S-1084
679,CR400AF-S,CR400AF-S-1085
680,CR400AF-S,CR400AF-S-1086
681,CR400AF-S,CR400AF-S-1089
682,CR400AF-S,CR400AF-S-1090
683,CR400AF-S,CR400AF-S-1092
684,CR400AF-S,CR400AF-S-1097
685,CR400AF-S,CR400AF-S-1099
686,CR400AF-S,CR400AF-S-1100
687,CR400AF-S,CR400AF-S-1102
688,CR400AF-S,CR400AF-S-1103
689,CR400AF-S,CR400AF-S-1113
690,CR400AF-S,CR400AF-S-2348
691,CR400AF-S,CR400AF-S-2350
692,CR400AF-S,CR400AF-S-2351
693,CR400AF-S,CR400AF-S-2352
694,CR400AF-S,CR400AF-S-2353
695,CR400AF-S,CR400AF-S-2354
696,CR400AF-S,CR400AF-S-2356
697,CR400AF-S,CR400AF-S-2358
698,CR400AF-S,CR400AF-S-2360
699,CR400AF-S,CR400AF-S-2362
700,CR400AF-S,CR400AF-S-2363
701,CR400AF-S,CR400AF-S-2364
702,CR400AF-S,CR400AF-S-2365
703,CR400AF-S,CR400AF-S-2366
704,CR400AF-S,CR400AF-S-2367
705,CR400AF-S,CR400AF-S-2368
706,CR400AF-S,CR400AF-S-2371
707,CR400AF-S,CR400AF-S-2372
708,CR400AF-S,CR400AF-S-2374
709,CR400AF-S,CR400AF-S-2375
710,CR400AF-S,CR400AF-S-2376
711,CR400AF-S,CR400AF-S-2378
712,CR400AF-S,CR400AF-S-2379
713,CR400AF-S,CR400AF-S-2380
714,CR400AF-S,CR400AF-S-2382
715,CR400AF-S,CR400AF-S-2383
716,CR400AF-S,CR400AF-S-2384
717,CR400AF-S,CR400AF-S-2386
718,CR400AF-S,CR400AF-S-2387
719,CR400AF-S,CR400AF-S-2388
720,CR400AF-S,CR400AF-S-2389
721,CR400AF-S,CR400AF-S-2390
722,CR400AF-S,CR400AF-S-2391
723,CR400AF-S,CR400AF-S-2392
724,CR400AF-S,CR400AF-S-2394
725,CR400AF-S,CR400AF-S-2395
726,CR400AF-S,CR400AF-S-2396
727,CR400AF-S,CR400AF-S-2397
728,CR400AF-S,CR400AF-S-2404
729,CR400AF-S,CR400AF-S-2405
730,CR400AF-S,CR400AF-S-2406
731,CR400AF-S,CR400AF-S-2407
732,CR400AF-S,CR400AF-S-2408
733,CR400AF-S,CR400AF-S-2409
734,CR400AF-S,CR400AF-S-2410
735,CR400AF-S,CR400AF-S-2412
736,CR400AF-S,CR400AF-S-2413
737,CR400AF-S,CR400AF-S-2414
738,CR400AF-S,CR400AF-S-2415
739,CR400AF-S,CR400AF-S-2417
740,CR400AF-S,CR400AF-S-2418
741,CR400AF-S,CR400AF-S-2419
742,CR400AF-S,CR400AF-S-2420
743,CR400AF-S,CR400AF-S-2421
744,CR400AF-S,CR400AF-S-2422
745,CR400AF-S,CR400AF-S-2423
746,CR400AF-S,CR400AF-S-2424
747,CR400AF-S,CR400AF-S-2426
748,CR400AF-S,CR400AF-S-2428
749,CR400AF-S,CR400AF-S-2429
750,CR400AF-S,CR400AF-S-2432
751,CR400AF-S,CR400AF-S-2433
752,CR400AF-S,CR400AF-S-2434
753,CR400AF-S,CR400AF-S-2435
754,CR400AF-S,CR400AF-S-2437
755,CR400AF-S,CR400AF-S-2438
756,CR400AF-S,CR400AF-S-2439
757,CR400AF-S,CR400AF-S-2441
758,CR400AF-S,CR400AF-S-2442
759,CR400AF-S,CR400AF-S-2443
760,CR400AF-S,CR400AF-S-2445
761,CR400AF-S,CR400AF-S-2446
762,CR400AF-S,CR400AF-S-2448
763,CR400AF-S,CR400AF-S-2449
764,CR400AF-S,CR400AF-S-2452
765,CR400AF-S,CR400AF-S-2454
766,CR400AF-S,CR400AF-S-2456
767,CR400AF-S,CR400AF-S-2457
768,CR400AF-S,CR400AF-S-2458
769,CR400AF-S,CR400AF-S-2459
770,CR400AF-S,CR400AF-S-2461
771,CR400AF-S,CR400AF-S-2462
772,CR400AF-S,CR400AF-S-2464
773,CR400AF-S,CR400AF-S-2466
774,CR400AF-S,CR400AF-S-2467
775,CR400AF-S,CR400AF-S-2468
776,CR400AF-S,CR400AF-S-2470
777,CR400AF-S,CR400AF-S-2471
778,CR400AF-S,CR400AF-S-2473
779,CR400AF-S,CR400AF-S-2474
780,CR400AF-S,CR400AF-S-2475
781,CR400AF-S,CR400AF-S-2477
782,CR400AF-S,CR400AF-S-2478
783,CR400AF-S,CR400AF-S-2480
784,CR400AF-S,CR400AF-S-2481
785,CR400AF-S,CR400AF-S-2503
786,CR400AF-S,CR400AF-S-2504
787,CR400AF-S,CR400AF-S-2505
788,CR400AF-S,CR400AF-S-2508
789,CR400AF-S,CR400AF-S-2509
790,CR400AF-S,CR400AF-S-2512
791,CR400AF-S,CR400AF-S-2513
792,CR400AF-S,CR400AF-S-2514
793,CR400AF-Z,CR400AF-Z-0211
794,CR400AF-Z,CR400AF-Z-0212
795,CR400AF-Z,CR400AF-Z-0214
796,CR400AF-Z,CR400AF-Z-0215
797,CR400AF-Z,CR400AF-Z-0216
798,CR400AF-Z,CR400AF-Z-0219
799,CR400AF-Z,CR400AF-Z-0220
800,CR400AF-Z,CR400AF-Z-0222
801,CR400AF-Z,CR400AF-Z-1042
802,CR400AF-Z,CR400AF-Z-1043
803,CR400AF-Z,CR400AF-Z-1044
804,CR400AF-Z,CR400AF-Z-1047
805,CR400AF-Z,CR400AF-Z-1048
806,CR400AF-Z,CR400AF-Z-1049
807,CR400AF-Z,CR400AF-Z-1051
808,CR400AF-Z,CR400AF-Z-1054
809,CR400AF-Z,CR400AF-Z-1055
810,CR400AF-Z,CR400AF-Z-1058
811,CR400AF-Z,CR400AF-Z-1062
812,CR400AF-Z,CR400AF-Z-1063
813,CR400AF-Z,CR400AF-Z-2252
814,CR400AF-Z,CR400AF-Z-2253
815,CR400AF-Z,CR400AF-Z-2259
816,CR400AF-Z,CR400AF-Z-2260
817,CR400AF-Z,CR400AF-Z-2261
818,CR400AF-Z,CR400AF-Z-2264
819,CR400AF-Z,CR400AF-Z-2265
820,CR400AF-Z,CR400AF-Z-2266
821,CR400AF-Z,CR400AF-Z-2267
822,CR400AF-Z,CR400AF-Z-2270
823,CR400AF-Z,CR400AF-Z-2272
824,CR400AF-Z,CR400AF-Z-2273
825,CR400AF-Z,CR400AF-Z-2274
826,CR400AF-Z,CR400AF-Z-2275
827,CR400AF-Z,CR400AF-Z-2277
828,CR400AF-Z,CR400AF-Z-2279
829,CR400AF-Z,CR400AF-Z-2280
830,CR400AF-Z,CR400AF-Z-2281
831,CR400AF-Z,CR400AF-Z-2282
832,CR400AF-Z,CR400AF-Z-2283
833,CR400AF-Z,CR400AF-Z-2284
834,CR400AF-Z,CR400AF-Z-2285
835,CR400AF-Z,CR400AF-Z-2287
836,CR400AF-Z,CR400AF-Z-2293
837,CR400AF-Z,CR400AF-Z-2294
838,CR400AF-Z,CR400AF-Z-2295
839,CR400AF-Z,CR400AF-Z-2296
840,CR400AF-Z,CR400AF-Z-2297
841,CR400AF-Z,CR400AF-Z-2299
842,CR400AF-Z,CR400AF-Z-2300
843,CR400AF-Z,CR400AF-Z-2301
844,CR400AF-Z,CR400AF-Z-2303
845,CR400AF-Z,CR400AF-Z-2304
846,CR400AF-Z,CR400AF-Z-2305
847,CR400AF-Z,CR400AF-Z-2310
848,CR400AF-Z,CR400AF-Z-2316
849,CR400AF-Z,CR400AF-Z-2319
850,CR400AF-Z,CR400AF-Z-2320
851,CR400AF-Z,CR400AF-Z-2322
852,CR400AF-Z,CR400AF-Z-2324
853,CR400AF-Z,CR400AF-Z-2327
854,CR400AF-Z,CR400AF-Z-2328
855,CR400AF-Z,CR400AF-Z-2329
856,CR400AF-Z,CR400AF-Z-2330
857,CR400AF-Z,CR400AF-Z-2332
858,CR400AF-Z,CR400AF-Z-2334
859,CR400AF-Z,CR400AF-Z-2336
860,CR400AF-Z,CR400AF-Z-2337
861,CR400AF-Z,CR400AF-Z-2338
862,CR400AF-Z,CR400AF-Z-2339
863,CR400AF-Z,CR400AF-Z-2340
864,CR400BF,CR400BF-0031
865,CR400BF,CR400BF-0305
866,CR400BF,CR400BF-0503
867,CR400BF,CR400BF-0507
868,CR400BF,CR400BF-3001
869,CR400BF,CR400BF-3003
870,CR400BF,CR400BF-3004
871,CR400BF,CR400BF-3005
872,CR400BF,CR400BF-3006
873,CR400BF,CR400BF-3007
874,CR400BF,CR400BF-3008
875,CR400BF,CR400BF-3009
876,CR400BF,CR400BF-3010
877,CR400BF,CR400BF-3013
878,CR400BF,CR400BF-3014
879,CR400BF,CR400BF-3015
880,CR400BF,CR400BF-3017
881,CR400BF,CR400BF-3018
882,CR400BF,CR400BF-3020
883,CR400BF,CR400BF-3022
884,CR400BF,CR400BF-3034
885,CR400BF,CR400BF-3038
886,CR400BF,CR400BF-3039
887,CR400BF,CR400BF-3040
888,CR400BF,CR400BF-3041
889,CR400BF,CR400BF-3042
890,CR400BF,CR400BF-3043
891,CR400BF,CR400BF-3044
892,CR400BF,CR400BF-3045
893,CR400BF,CR400BF-3046
894,CR400BF,CR400BF-3047
895,CR400BF,CR400BF-3048
896,CR400BF,CR400BF-3049
897,CR400BF,CR400BF-3059
898,CR400BF,CR400BF-3061
899,CR400BF,CR400BF-3062
900,CR400BF,CR400BF-3063
901,CR400BF,CR400BF-3064
902,CR400BF,CR400BF-3065
903,CR400BF,CR400BF-3066
904,CR400BF,CR400BF-3067
905,CR400BF,CR400BF-3068
906,CR400BF,CR400BF-3069
907,CR400BF,CR400BF-3070
908,CR400BF,CR400BF-3071
909,CR400BF,CR400BF-3073
910,CR400BF,CR400BF-3074
911,CR400BF,CR400BF-3076
912,CR400BF,CR400BF-3077
913,CR400BF,CR400BF-3078
914,CR400BF,CR400BF-3079
915,CR400BF,CR400BF-3080
916,CR400BF,CR400BF-3081
917,CR400BF,CR400BF-3082
918,CR400BF,CR400BF-3083
919,CR400BF,CR400BF-3084
920,CR400BF,CR400BF-3085
921,CR400BF,CR400BF-3086
922,CR400BF,CR400BF-3089
923,CR400BF,CR400BF-3090
924,CR400BF,CR400BF-3091
925,CR400BF,CR400BF-3106
926,CR400BF,CR400BF-5001
927,CR400BF,CR400BF-5002
928,CR400BF,CR400BF-5003
929,CR400BF,CR400BF-5004
930,CR400BF,CR400BF-5005
931,CR400BF,CR400BF-5007
932,CR400BF,CR400BF-5008
933,CR400BF,CR400BF-5010
934,CR400BF,CR400BF-5011
935,CR400BF,CR400BF-5012
936,CR400BF,CR400BF-5013
937,CR400BF,CR400BF-5014
938,CR400BF,CR400BF-5015
939,CR400BF,CR400BF-5016
940,CR400BF,CR400BF-5017
941,CR400BF,CR400BF-5018
942,CR400BF,CR400BF-5019
943,CR400BF,CR400BF-5020
944,CR400BF,CR400BF-5023
945,CR400BF,CR400BF-5024
946,CR400BF,CR400BF-5025
947,CR400BF,CR400BF-5026
948,CR400BF,CR400BF-5028
949,CR400BF,CR400BF-5029
950,CR400BF,CR400BF-5031
951,CR400BF,CR400BF-5032
952,CR400BF,CR400BF-5036
953,CR400BF,CR400BF-5037
954,CR400BF,CR400BF-5038
955,CR400BF,CR400BF-5041
956,CR400BF,CR400BF-5042
957,CR400BF,CR400BF-5043
958,CR400BF,CR400BF-5046
959,CR400BF,CR400BF-5068
960,CR400BF,CR400BF-5070
961,CR400BF,CR400BF-5071
962,CR400BF,CR400BF-5073
963,CR400BF,CR400BF-5074
964,CR400BF,CR400BF-5075
965,CR400BF,CR400BF-5078
966,CR400BF,CR400BF-5081
967,CR400BF,CR400BF-5106
968,CR400BF,CR400BF-5108
969,CR400BF,CR400BF-5111
970,CR400BF,CR400BF-5112
971,CR400BF-A,CR400BF-A-3024
972,CR400BF-A,CR400BF-A-3025
973,CR400BF-A,CR400BF-A-3026
974,CR400BF-A,CR400BF-A-3027
975,CR400BF-A,CR400BF-A-3028
976,CR400BF-A,CR400BF-A-3029
977,CR400BF-A,CR400BF-A-3031
978,CR400BF-A,CR400BF-A-3032
979,CR400BF-A,CR400BF-A-3033
980,CR400BF-A,CR400BF-A-3050
981,CR400BF-A,CR400BF-A-3051
982,CR400BF-A,CR400BF-A-3052
983,CR400BF-A,CR400BF-A-3054
984,CR400BF-A,CR400BF-A-3055
985,CR400BF-A,CR400BF-A-3056
986,CR400BF-A,CR400BF-A-3057
987,CR400BF-A,CR400BF-A-3092
988,CR400BF-A,CR400BF-A-3093
989,CR400BF-A,CR400BF-A-3094
990,CR400BF-A,CR400BF-A-3095
991,CR400BF-A,CR400BF-A-3096
992,CR400BF-A,CR400BF-A-3097
993,CR400BF-A,CR400BF-A-3098
994,CR400BF-A,CR400BF-A-3100
995,CR400BF-A,CR400BF-A-3101
996,CR400BF-A,CR400BF-A-3102
997,CR400BF-A,CR400BF-A-3103
998,CR400BF-A,CR400BF-A-3104
999,CR400BF-A,CR400BF-A-3105
1000,CR400BF-A,CR400BF-A-5049
1001,CR400BF-A,CR400BF-A-5050
1002,CR400BF-A,CR400BF-A-5052
1003,CR400BF-A,CR400BF-A-5053
1004,CR400BF-A,CR400BF-A-5054
1005,CR400BF-A,CR400BF-A-5055
1006,CR400BF-A,CR400BF-A-5056
1007,CR400BF-A,CR400BF-A-5057
1008,CR400BF-A,CR400BF-A-5058
1009,CR400BF-A,CR400BF-A-5059
1010,CR400BF-A,CR400BF-A-5060
1011,CR400BF-A,CR400BF-A-5061
1012,CR400BF-A,CR400BF-A-5063
1013,CR400BF-A,CR400BF-A-5064
1014,CR400BF-A,CR400BF-A-5065
1015,CR400BF-A,CR400BF-A-5066
1016,CR400BF-A,CR400BF-A-5067
1017,CR400BF-A,CR400BF-A-5082
1018,CR400BF-A,CR400BF-A-5083
1019,CR400BF-A,CR400BF-A-5085
1020,CR400BF-A,CR400BF-A-5087
1021,CR400BF-A,CR400BF-A-5088
1022,CR400BF-A,CR400BF-A-5090
1023,CR400BF-A,CR400BF-A-5091
1024,CR400BF-A,CR400BF-A-5092
1025,CR400BF-A,CR400BF-A-5093
1026,CR400BF-A,CR400BF-A-5094
1027,CR400BF-A,CR400BF-A-5096
1028,CR400BF-A,CR400BF-A-5156
1029,CR400BF-A,CR400BF-A-5157
1030,CR400BF-A,CR400BF-A-5158
1031,CR400BF-A,CR400BF-A-5160
1032,CR400BF-A,CR400BF-A-5161
1033,CR400BF-AS,CR400BF-AS-3225
1034,CR400BF-AS,CR400BF-AS-3226
1035,CR400BF-AS,CR400BF-AS-3228
1036,CR400BF-AS,CR400BF-AS-3267
1037,CR400BF-AS,CR400BF-AS-3269
1038,CR400BF-AS,CR400BF-AS-3270
1039,CR400BF-AS,CR400BF-AS-3271
1040,CR400BF-AS,CR400BF-AS-3272
1041,CR400BF-AS,CR400BF-AS-5364
1042,CR400BF-AS,CR400BF-AS-5365
1043,CR400BF-AS,CR400BF-AS-5366
1044,CR400BF-AS,CR400BF-AS-5367
1045,CR400BF-AS,CR400BF-AS-5368
1046,CR400BF-AS,CR400BF-AS-5418
1047,CR400BF-AS,CR400BF-AS-5419
1048,CR400BF-AS,CR400BF-AS-5420
1049,CR400BF-AS,CR400BF-AS-5421
1050,CR400BF-AS,CR400BF-AS-5422
1051,CR400BF-AS,CR400BF-AS-5423
1052,CR400BF-AZ,CR400BF-AZ-0515
1053,CR400BF-AZ,CR400BF-AZ-0516
1054,CR400BF-AZ,CR400BF-AZ-0517
1055,CR400BF-AZ,CR400BF-AZ-0518
1056,CR400BF-AZ,CR400BF-AZ-0519
1057,CR400BF-AZ,CR400BF-AZ-5252
1058,CR400BF-AZ,CR400BF-AZ-5253
1059,CR400BF-AZ,CR400BF-AZ-5254
1060,CR400BF-AZ,CR400BF-AZ-5255
1061,CR400BF-B,CR400BF-B-5097
1062,CR400BF-B,CR400BF-B-5098
1063,CR400BF-B,CR400BF-B-5099
1064,CR400BF-B,CR400BF-B-5100
1065,CR400BF-B,CR400BF-B-5101
1066,CR400BF-B,CR400BF-B-5102
1067,CR400BF-B,CR400BF-B-5103
1068,CR400BF-B,CR400BF-B-5151
1069,CR400BF-B,CR400BF-B-5152
1070,CR400BF-B,CR400BF-B-5153
1071,CR400BF-B,CR400BF-B-5154
1072,CR400BF-BS,CR400BF-BS-5276
1073,CR400BF-BS,CR400BF-BS-5277
1074,CR400BF-BS,CR400BF-BS-5278
1075,CR400BF-BS,CR400BF-BS-5280
1076,CR400BF-BS,CR400BF-BS-5347
1077,CR400BF-BS,CR400BF-BS-5348
1078,CR400BF-BZ,CR400BF-BZ-5208
1079,CR400BF-BZ,CR400BF-BZ-5209
1080,CR400BF-C,CR400BF-C-5144
1081,CR400BF-C,CR400BF-C-5162
1082,CR400BF-G,CR400BF-G-0051
1083,CR400BF-G,CR400BF-G-3108
1084,CR400BF-G,CR400BF-G-3110
1085,CR400BF-G,CR400BF-G-3112
1086,CR400BF-G,CR400BF-G-3113
1087,CR400BF-G,CR400BF-G-3116
1088,CR400BF-G,CR400BF-G-5113
1089,CR400BF-G,CR400BF-G-5114
1090,CR400BF-G,CR400BF-G-5115
1091,CR400BF-G,CR400BF-G-5116
1092,CR400BF-G,CR400BF-G-5117
1093,CR400BF-G,CR400BF-G-5119
1094,CR400BF-G,CR400BF-G-5121
1095,CR400BF-G,CR400BF-G-5122
1096,CR400BF-G,CR400BF-G-5125
1097,CR400BF-G,CR400BF-G-5127
1098,CR400BF-G,CR400BF-G-5128
1099,CR400BF-G,CR400BF-G-5129
1100,CR400BF-G,CR400BF-G-5130
1101,CR400BF-G,CR400BF-G-5131
1102,CR400BF-G,CR400BF-G-5133
1103,CR400BF-G,CR400BF-G-5135
1104,CR400BF-G,CR400BF-G-5136
1105,CR400BF-G,CR400BF-G-5137
1106,CR400BF-G,CR400BF-G-5139
1107,CR400BF-G,CR400BF-G-5141
1108,CR400BF-G,CR400BF-G-5142
1109,CR400BF-G,CR400BF-G-5148
1110,CR400BF-G,CR400BF-G-5149
1111,CR400BF-G,CR400BF-G-5164
1112,CR400BF-G,CR400BF-G-5165
1113,CR400BF-G,CR400BF-G-5166
1114,CR400BF-G,CR400BF-G-5167
1115,CR400BF-G,CR400BF-G-5168
1116,CR400BF-G,CR400BF-G-5171
1117,CR400BF-G,CR400BF-G-5173
1118,CR400BF-G,CR400BF-G-5175
1119,CR400BF-G,CR400BF-G-5177
1120,CR400BF-G,CR400BF-G-5178
1121,CR400BF-G,CR400BF-G-5182
1122,CR400BF-G,CR400BF-G-5185
1123,CR400BF-G,CR400BF-G-5189
1124,CR400BF-G,CR400BF-G-5190
1125,CR400BF-G,CR400BF-G-5191
1126,CR400BF-G,CR400BF-G-5192
1127,CR400BF-G,CR400BF-G-5193
1128,CR400BF-G,CR400BF-G-5194
1129,CR400BF-G,CR400BF-G-5196
1130,CR400BF-G,CR400BF-G-5198
1131,CR400BF-G,CR400BF-G-5199
1132,CR400BF-G,CR400BF-G-5200
1133,CR400BF-G,CR400BF-G-5201
1134,CR400BF-G,CR400BF-G-5202
1135,CR400BF-GS,CR400BF-GS-5307
1136,CR400BF-GS,CR400BF-GS-5308
1137,CR400BF-GS,CR400BF-GS-5309
1138,CR400BF-GS,CR400BF-GS-5310
1139,CR400BF-GS,CR400BF-GS-5311
1140,CR400BF-GS,CR400BF-GS-5312
1141,CR400BF-GS,CR400BF-GS-5313
1142,CR400BF-GS,CR400BF-GS-5314
1143,CR400BF-GS,CR400BF-GS-5315
1144,CR400BF-GS,CR400BF-GS-5317
1145,CR400BF-GS,CR400BF-GS-5318
1146,CR400BF-GS,CR400BF-GS-5319
1147,CR400BF-GS,CR400BF-GS-5340
1148,CR400BF-GS,CR400BF-GS-5341
1149,CR400BF-GS,CR400BF-GS-5342
1150,CR400BF-GS,CR400BF-GS-5343
1151,CR400BF-GS,CR400BF-GS-5344
1152,CR400BF-GS,CR400BF-GS-5349
1153,CR400BF-GS,CR400BF-GS-5350
1154,CR400BF-GS,CR400BF-GS-5351
1155,CR400BF-GS,CR400BF-GS-5352
1156,CR400BF-GS,CR400BF-GS-5353
1157,CR400BF-GS,CR400BF-GS-5355
1158,CR400BF-GS,CR400BF-GS-5356
1159,CR400BF-GS,CR400BF-GS-5357
1160,CR400BF-GS,CR400BF-GS-5358
1161,CR400BF-GS,CR400BF-GS-5359
1162,CR400BF-GS,CR400BF-GS-5360
1163,CR400BF-GS,CR400BF-GS-5361
1164,CR400BF-GS,CR400BF-GS-5362
1165,CR400BF-GS,CR400BF-GS-5363
1166,CR400BF-GS,CR400BF-GS-5389
1167,CR400BF-GS,CR400BF-GS-5390
1168,CR400BF-GS,CR400BF-GS-5392
1169,CR400BF-GS,CR400BF-GS-5393
1170,CR400BF-GS,CR400BF-GS-5395
1171,CR400BF-GS,CR400BF-GS-5396
1172,CR400BF-GS,CR400BF-GS-5397
1173,CR400BF-GS,CR400BF-GS-5398
1174,CR400BF-GS,CR400BF-GS-5399
1175,CR400BF-GS,CR400BF-GS-5401
1176,CR400BF-GS,CR400BF-GS-5402
1177,CR400BF-GS,CR400BF-GS-5406
1178,CR400BF-GS,CR400BF-GS-5408
1179,CR400BF-GS,CR400BF-GS-5409
1180,CR400BF-GS,CR400BF-GS-5410
1181,CR400BF-GS,CR400BF-GS-5414
1182,CR400BF-GS,CR400BF-GS-5416
1183,CR400BF-GS,CR400BF-GS-5429
1184,CR400BF-GS,CR400BF-GS-5430
1185,CR400BF-GS,CR400BF-GS-5432
1186,CR400BF-GS,CR400BF-GS-5433
1187,CR400BF-GS,CR400BF-GS-5434
1188,CR400BF-GS,CR400BF-GS-5435
1189,CR400BF-GS,CR400BF-GS-5437
1190,CR400BF-GS,CR400BF-GS-5438
1191,CR400BF-GS,CR400BF-GS-5439
1192,CR400BF-GS,CR400BF-GS-5440
1193,CR400BF-GZ,CR400BF-GZ-5143
1194,CR400BF-GZ,CR400BF-GZ-5204
1195,CR400BF-GZ,CR400BF-GZ-5207
1196,CR400BF-GZ,CR400BF-GZ-5214
1197,CR400BF-GZ,CR400BF-GZ-5217
1198,CR400BF-GZ,CR400BF-GZ-5218
1199,CR400BF-GZ,CR400BF-GZ-5219
1200,CR400BF-GZ,CR400BF-GZ-5256
1201,CR400BF-GZ,CR400BF-GZ-5257
1202,CR400BF-GZ,CR400BF-GZ-5258
1203,CR400BF-GZ,CR400BF-GZ-5259
1204,CR400BF-GZ,CR400BF-GZ-5260
1205,CR400BF-GZ,CR400BF-GZ-5261
1206,CR400BF-GZ,CR400BF-GZ-5262
1207,CR400BF-S,CR400BF-S-3158
1208,CR400BF-S,CR400BF-S-3159
1209,CR400BF-S,CR400BF-S-3161
1210,CR400BF-S,CR400BF-S-3162
1211,CR400BF-S,CR400BF-S-3163
1212,CR400BF-S,CR400BF-S-3164
1213,CR400BF-S,CR400BF-S-3165
1214,CR400BF-S,CR400BF-S-3167
1215,CR400BF-S,CR400BF-S-3168
1216,CR400BF-S,CR400BF-S-3169
1217,CR400BF-S,CR400BF-S-3170
1218,CR400BF-S,CR400BF-S-3171
1219,CR400BF-S,CR400BF-S-3173
1220,CR400BF-S,CR400BF-S-3175
1221,CR400BF-S,CR400BF-S-3176
1222,CR400BF-S,CR400BF-S-3178
1223,CR400BF-S,CR400BF-S-3179
1224,CR400BF-S,CR400BF-S-3180
1225,CR400BF-S,CR400BF-S-3181
1226,CR400BF-S,CR400BF-S-3182
1227,CR400BF-S,CR400BF-S-3183
1228,CR400BF-S,CR400BF-S-3185
1229,CR400BF-S,CR400BF-S-3186
1230,CR400BF-S,CR400BF-S-3187
1231,CR400BF-S,CR400BF-S-3188
1232,CR400BF-S,CR400BF-S-3190
1233,CR400BF-S,CR400BF-S-3191
1234,CR400BF-S,CR400BF-S-3192
1235,CR400BF-S,CR400BF-S-3195
1236,CR400BF-S,CR400BF-S-3197
1237,CR400BF-S,CR400BF-S-3201
1238,CR400BF-S,CR400BF-S-3203
1239,CR400BF-S,CR400BF-S-3204
1240,CR400BF-S,CR400BF-S-3205
1241,CR400BF-S,CR400BF-S-3208
1242,CR400BF-S,CR400BF-S-3209
1243,CR400BF-S,CR400BF-S-3210
1244,CR400BF-S,CR400BF-S-3211
1245,CR400BF-S,CR400BF-S-3212
1246,CR400BF-S,CR400BF-S-3213
1247,CR400BF-S,CR400BF-S-3216
1248,CR400BF-S,CR400BF-S-3217
1249,CR400BF-S,CR400BF-S-3218
1250,CR400BF-S,CR400BF-S-3219
1251,CR400BF-S,CR400BF-S-3221
1252,CR400BF-S,CR400BF-S-3222
1253,CR400BF-S,CR400BF-S-3223
1254,CR400BF-S,CR400BF-S-3229
1255,CR400BF-S,CR400BF-S-3230
1256,CR400BF-S,CR400BF-S-3231
1257,CR400BF-S,CR400BF-S-3232
1258,CR400BF-S,CR400BF-S-3233
1259,CR400BF-S,CR400BF-S-3234
1260,CR400BF-S,CR400BF-S-3235
1261,CR400BF-S,CR400BF-S-3236
1262,CR400BF-S,CR400BF-S-3237
1263,CR400BF-S,CR400BF-S-3240
1264,CR400BF-S,CR400BF-S-3242
1265,CR400BF-S,CR400BF-S-3243
1266,CR400BF-S,CR400BF-S-3245
1267,CR400BF-S,CR400BF-S-3246
1268,CR400BF-S,CR400BF-S-3248
1269,CR400BF-S,CR400BF-S-3249
1270,CR400BF-S,CR400BF-S-3250
1271,CR400BF-S,CR400BF-S-3251
1272,CR400BF-S,CR400BF-S-3252
1273,CR400BF-S,CR400BF-S-3253
1274,CR400BF-S,CR400BF-S-3256
1275,CR400BF-S,CR400BF-S-3257
1276,CR400BF-S,CR400BF-S-3258
1277,CR400BF-S,CR400BF-S-3260
1278,CR400BF-S,CR400BF-S-3261
1279,CR400BF-S,CR400BF-S-3262
1280,CR400BF-S,CR400BF-S-3263
1281,CR400BF-S,CR400BF-S-3264
1282,CR400BF-S,CR400BF-S-3265
1283,CR400BF-S,CR400BF-S-3266
1284,CR400BF-S,CR400BF-S-3273
1285,CR400BF-S,CR400BF-S-3274
1286,CR400BF-S,CR400BF-S-3275
1287,CR400BF-S,CR400BF-S-5281
1288,CR400BF-S,CR400BF-S-5282
1289,CR400BF-S,CR400BF-S-5283
1290,CR400BF-S,CR400BF-S-5284
1291,CR400BF-S,CR400BF-S-5285
1292,CR400BF-S,CR400BF-S-5286
1293,CR400BF-S,CR400BF-S-5289
1294,CR400BF-S,CR400BF-S-5290
1295,CR400BF-S,CR400BF-S-5292
1296,CR400BF-S,CR400BF-S-5293
1297,CR400BF-S,CR400BF-S-5295
1298,CR400BF-S,CR400BF-S-5296
1299,CR400BF-S,CR400BF-S-5297
1300,CR400BF-S,CR400BF-S-5298
1301,CR400BF-S,CR400BF-S-5299
1302,CR400BF-S,CR400BF-S-5300
1303,CR400BF-S,CR400BF-S-5301
1304,CR400BF-S,CR400BF-S-5302
1305,CR400BF-S,CR400BF-S-5304
1306,CR400BF-S,CR400BF-S-5305
1307,CR400BF-S,CR400BF-S-5306
1308,CR400BF-S,CR400BF-S-5320
1309,CR400BF-S,CR400BF-S-5321
1310,CR400BF-S,CR400BF-S-5322
1311,CR400BF-S,CR400BF-S-5323
1312,CR400BF-S,CR400BF-S-5324
1313,CR400BF-S,CR400BF-S-5325
1314,CR400BF-S,CR400BF-S-5326
1315,CR400BF-S,CR400BF-S-5327
1316,CR400BF-S,CR400BF-S-5328
1317,CR400BF-S,CR400BF-S-5329
1318,CR400BF-S,CR400BF-S-5330
1319,CR400BF-S,CR400BF-S-5331
1320,CR400BF-S,CR400BF-S-5336
1321,CR400BF-S,CR400BF-S-5369
1322,CR400BF-S,CR400BF-S-5370
1323,CR400BF-S,CR400BF-S-5371
1324,CR400BF-S,CR400BF-S-5373
1325,CR400BF-S,CR400BF-S-5374
1326,CR400BF-S,CR400BF-S-5375
1327,CR400BF-S,CR400BF-S-5376
1328,CR400BF-S,CR400BF-S-5377
1329,CR400BF-S,CR400BF-S-5378
1330,CR400BF-S,CR400BF-S-5381
1331,CR400BF-S,CR400BF-S-5382
1332,CR400BF-S,CR400BF-S-5384
1333,CR400BF-S,CR400BF-S-5385
1334,CR400BF-S,CR400BF-S-5386
1335,CR400BF-Z,CR400BF-Z-0312
1336,CR400BF-Z,CR400BF-Z-0512
1337,CR400BF-Z,CR400BF-Z-0513
1338,CR400BF-Z,CR400BF-Z-0514
1339,CR400BF-Z,CR400BF-Z-0521
1340,CR400BF-Z,CR400BF-Z-0522
1341,CR400BF-Z,CR400BF-Z-0523
1342,CR400BF-Z,CR400BF-Z-3118
1343,CR400BF-Z,CR400BF-Z-3119
1344,CR400BF-Z,CR400BF-Z-3120
1345,CR400BF-Z,CR400BF-Z-3121
1346,CR400BF-Z,CR400BF-Z-3122
1347,CR400BF-Z,CR400BF-Z-3123
1348,CR400BF-Z,CR400BF-Z-3124
1349,CR400BF-Z,CR400BF-Z-3126
1350,CR400BF-Z,CR400BF-Z-3129
1351,CR400BF-Z,CR400BF-Z-3131
1352,CR400BF-Z,CR400BF-Z-3133
1353,CR400BF-Z,CR400BF-Z-3134
1354,CR400BF-Z,CR400BF-Z-3135
1355,CR400BF-Z,CR400BF-Z-3136
1356,CR400BF-Z,CR400BF-Z-3138
1357,CR400BF-Z,CR400BF-Z-3139
1358,CR400BF-Z,CR400BF-Z-3140
1359,CR400BF-Z,CR400BF-Z-3141
1360,CR400BF-Z,CR400BF-Z-3142
1361,CR400BF-Z,CR400BF-Z-3146
1362,CR400BF-Z,CR400BF-Z-3147
1363,CR400BF-Z,CR400BF-Z-3149
1364,CR400BF-Z,CR400BF-Z-3151
1365,CR400BF-Z,CR400BF-Z-3154
1366,CR400BF-Z,CR400BF-Z-5210
1367,CR400BF-Z,CR400BF-Z-5212
1368,CR400BF-Z,CR400BF-Z-5213
1369,CR400BF-Z,CR400BF-Z-5220
1370,CR400BF-Z,CR400BF-Z-5222
1371,CR400BF-Z,CR400BF-Z-5223
1372,CR400BF-Z,CR400BF-Z-5224
1373,CR400BF-Z,CR400BF-Z-5226
1374,CR400BF-Z,CR400BF-Z-5227
1375,CR400BF-Z,CR400BF-Z-5228
1376,CR400BF-Z,CR400BF-Z-5229
1377,CR400BF-Z,CR400BF-Z-5230
1378,CR400BF-Z,CR400BF-Z-5231
1379,CR400BF-Z,CR400BF-Z-5235
1380,CR400BF-Z,CR400BF-Z-5236
1381,CR400BF-Z,CR400BF-Z-5237
1382,CR400BF-Z,CR400BF-Z-5238
1383,CR400BF-Z,CR400BF-Z-5239
1384,CR400BF-Z,CR400BF-Z-5240
1385,CR400BF-Z,CR400BF-Z-5241
1386,CR400BF-Z,CR400BF-Z-5243
1387,CR400BF-Z,CR400BF-Z-5246
1388,CR400BF-Z,CR400BF-Z-5247
1389,CR400BF-Z,CR400BF-Z-5248
1390,CR400BF-Z,CR400BF-Z-5250
1391,CR400BF-Z,CR400BF-Z-5263
1392,CR400BF-Z,CR400BF-Z-5264
1393,CR400BF-Z,CR400BF-Z-5265
1394,CR400BF-Z,CR400BF-Z-5266
1395,CR400BF-Z,CR400BF-Z-5267
1396,CR400BF-Z,CR400BF-Z-5268
1397,CR400BF-Z,CR400BF-Z-5269
1398,CR400BF-Z,CR400BF-Z-5270
1399,CR400BF-Z,CR400BF-Z-5271
1400,CR400BF-Z,CR400BF-Z-5272
1401,CR400BF-Z,CR400BF-Z-5274
1402,CRH1A,CRH1A-1001
1403,CRH1A,CRH1A-1003
1404,CRH1A,CRH1A-1004
1405,CRH1A,CRH1A-1005
1406,CRH1A,CRH1A-1006
1407,CRH1A,CRH1A-1007
1408,CRH1A,CRH1A-1008
1409,CRH1A,CRH1A-1009
1410,CRH1A,CRH1A-1010
1411,CRH1A,CRH1A-1011
1412,CRH1A,CRH1A-1012
1413,CRH1A,CRH1A-1013
1414,CRH1A,CRH1A-1015
1415,CRH1A,CRH1A-1016
1416,CRH1A,CRH1A-1017
1417,CRH1A,CRH1A-1018
1418,CRH1A,CRH1A-1019
1419,CRH1A,CRH1A-1020
1420,CRH1A,CRH1A-1022
1421,CRH1A,CRH1A-1023
1422,CRH1A,CRH1A-1024
1423,CRH1A,CRH1A-1025
1424,CRH1A,CRH1A-1027
1425,CRH1A,CRH1A-1028
1426,CRH1A,CRH1A-1029
1427,CRH1A,CRH1A-1030
1428,CRH1A,CRH1A-1031
1429,CRH1A,CRH1A-1032
1430,CRH1A,CRH1A-1033
1431,CRH1A,CRH1A-1035
1432,CRH1A,CRH1A-1040
1433,CRH1A,CRH1A-1081
1434,CRH1A,CRH1A-1082
1435,CRH1A,CRH1A-1083
1436,CRH1A,CRH1A-1084
1437,CRH1A,CRH1A-1085
1438,CRH1A,CRH1A-1086
1439,CRH1A,CRH1A-1087
1440,CRH1A,CRH1A-1088
1441,CRH1A,CRH1A-1089
1442,CRH1A,CRH1A-1091
1443,CRH1A,CRH1A-1092
1444,CRH1A,CRH1A-1093
1445,CRH1A,CRH1A-1094
1446,CRH1A,CRH1A-1096
1447,CRH1A,CRH1A-1097
1448,CRH1A,CRH1A-1100
1449,CRH1A,CRH1A-1102
1450,CRH1A,CRH1A-1103
1451,CRH1A,CRH1A-1104
1452,CRH1A,CRH1A-1105
1453,CRH1A,CRH1A-1106
1454,CRH1A,CRH1A-1107
1455,CRH1A,CRH1A-1108
1456,CRH1A,CRH1A-1109
1457,CRH1A,CRH1A-1110
1458,CRH1A,CRH1A-1113
1459,CRH1A,CRH1A-1116
1460,CRH1A,CRH1A-1117
1461,CRH1A,CRH1A-1118
1462,CRH1A,CRH1A-1119
1463,CRH1A,CRH1A-1120
1464,CRH1A,CRH1A-1121
1465,CRH1A,CRH1A-1122
1466,CRH1A,CRH1A-1124
1467,CRH1A,CRH1A-1125
1468,CRH1A,CRH1A-1126
1469,CRH1A,CRH1A-1128
1470,CRH1A,CRH1A-1129
1471,CRH1A,CRH1A-1130
1472,CRH1A,CRH1A-1131
1473,CRH1A,CRH1A-1132
1474,CRH1A,CRH1A-1133
1475,CRH1A,CRH1A-1135
1476,CRH1A,CRH1A-1137
1477,CRH1A,CRH1A-1138
1478,CRH1A,CRH1A-1139
1479,CRH1A,CRH1A-1140
1480,CRH1A,CRH1A-1141
1481,CRH1A,CRH1A-1142
1482,CRH1A,CRH1A-1143
1483,CRH1A,CRH1A-1144
1484,CRH1A,CRH1A-1145
1485,CRH1A,CRH1A-1146
1486,CRH1A,CRH1A-1147
1487,CRH1A,CRH1A-1148
1488,CRH1A,CRH1A-1149
1489,CRH1A,CRH1A-1151
1490,CRH1A,CRH1A-1153
1491,CRH1A,CRH1A-1154
1492,CRH1A,CRH1A-1156
1493,CRH1A,CRH1A-1157
1494,CRH1A,CRH1A-1158
1495,CRH1A,CRH1A-1159
1496,CRH1A,CRH1A-1160
1497,CRH1A,CRH1A-1161
1498,CRH1A,CRH1A-1162
1499,CRH1A,CRH1A-1163
1500,CRH1A,CRH1A-1164
1501,CRH1A,CRH1A-1167
1502,CRH1A,CRH1A-1168
1503,CRH1A-A,CRH1A-A-1171
1504,CRH1A-A,CRH1A-A-1173
1505,CRH1A-A,CRH1A-A-1175
1506,CRH1A-A,CRH1A-A-1177
1507,CRH1A-A,CRH1A-A-1178
1508,CRH1A-A,CRH1A-A-1181
1509,CRH1A-A,CRH1A-A-1182
1510,CRH1A-A,CRH1A-A-1183
1511,CRH1A-A,CRH1A-A-1184
1512,CRH1A-A,CRH1A-A-1185
1513,CRH1A-A,CRH1A-A-1186
1514,CRH1A-A,CRH1A-A-1187
1515,CRH1A-A,CRH1A-A-1188
1516,CRH1A-A,CRH1A-A-1192
1517,CRH1A-A,CRH1A-A-1193
1518,CRH1A-A,CRH1A-A-1194
1519,CRH1A-A,CRH1A-A-1195
1520,CRH1A-A,CRH1A-A-1196
1521,CRH1A-A,CRH1A-A-1198
1522,CRH1A-A,CRH1A-A-1199
1523,CRH1A-A,CRH1A-A-1200
1524,CRH1A-A,CRH1A-A-1201
1525,CRH1A-A,CRH1A-A-1202
1526,CRH1A-A,CRH1A-A-1203
1527,CRH1A-A,CRH1A-A-1204
1528,CRH1A-A,CRH1A-A-1205
1529,CRH1A-A,CRH1A-A-1206
1530,CRH1A-A,CRH1A-A-1207
1531,CRH1A-A,CRH1A-A-1208
1532,CRH1A-A,CRH1A-A-1209
1533,CRH1A-A,CRH1A-A-1210
1534,CRH1A-A,CRH1A-A-1212
1535,CRH1A-A,CRH1A-A-1213
1536,CRH1A-A,CRH1A-A-1214
1537,CRH1A-A,CRH1A-A-1215
1538,CRH1A-A,CRH1A-A-1216
1539,CRH1A-A,CRH1A-A-1217
1540,CRH1A-A,CRH1A-A-1219
1541,CRH1A-A,CRH1A-A-1221
1542,CRH1A-A,CRH1A-A-1222
1543,CRH1A-A,CRH1A-A-1223
1544,CRH1A-A,CRH1A-A-1224
1545,CRH1A-A,CRH1A-A-1225
1546,CRH1A-A,CRH1A-A-1226
1547,CRH1A-A,CRH1A-A-1227
1548,CRH1A-A,CRH1A-A-1228
1549,CRH1A-A,CRH1A-A-1235
1550,CRH1A-A,CRH1A-A-1236
1551,CRH1A-A,CRH1A-A-1237
1552,CRH1A-A,CRH1A-A-1239
1553,CRH1A-A,CRH1A-A-1240
1554,CRH1A-A,CRH1A-A-1241
1555,CRH1A-A,CRH1A-A-1243
1556,CRH1A-A,CRH1A-A-1244
1557,CRH1A-A,CRH1A-A-1247
1558,CRH1A-A,CRH1A-A-1249
1559,CRH1A-A,CRH1A-A-1250
1560,CRH1A-A,CRH1A-A-1251
1561,CRH1A-A,CRH1A-A-1255
1562,CRH1A-A,CRH1A-A-1256
1563,CRH1A-A,CRH1A-A-1258
1564,CRH1A-A,CRH1A-A-1259
1565,CRH1B,CRH1B-1041
1566,CRH1B,CRH1B-1042
1567,CRH1B,CRH1B-1044
1568,CRH1B,CRH1B-1047
1569,CRH1B,CRH1B-1048
1570,CRH1B,CRH1B-1049
1571,CRH1B,CRH1B-1050
1572,CRH1B,CRH1B-1051
1573,CRH1B,CRH1B-1052
1574,CRH1B,CRH1B-1053
1575,CRH1B,CRH1B-1054
1576,CRH1B,CRH1B-1055
1577,CRH1B,CRH1B-1058
1578,CRH1B,CRH1B-1059
1579,CRH1B,CRH1B-1060
1580,CRH1B,CRH1B-1076
1581,CRH1B,CRH1B-1077
1582,CRH1B,CRH1B-1078
1583,CRH1B,CRH1B-1079
1584,CRH1B,CRH1B-1080
1585,CRH1E,CRH1E-1062
1586,CRH1E,CRH1E-1063
1587,CRH1E,CRH1E-1065
1588,CRH1E,CRH1E-1067
1589,CRH1E,CRH1E-1074
1590,CRH1E,CRH1E-1075
1591,CRH2A,CRH2A-2003
1592,CRH2A,CRH2A-2004
1593,CRH2A,CRH2A-2007
1594,CRH2A,CRH2A-2008
1595,CRH2A,CRH2A-2009
1596,CRH2A,CRH2A-2013
1597,CRH2A,CRH2A-2014
1598,CRH2A,CRH2A-2016
1599,CRH2A,CRH2A-2018
1600,CRH2A,CRH2A-2019
1601,CRH2A,CRH2A-2020
1602,CRH2A,CRH2A-2021
1603,CRH2A,CRH2A-2023
1604,CRH2A,CRH2A-2025
1605,CRH2A,CRH2A-2026
1606,CRH2A,CRH2A-2028
1607,CRH2A,CRH2A-2029
1608,CRH2A,CRH2A-2032
1609,CRH2A,CRH2A-2033
1610,CRH2A,CRH2A-2034
1611,CRH2A,CRH2A-2035
1612,CRH2A,CRH2A-2037
1613,CRH2A,CRH2A-2038
1614,CRH2A,CRH2A-2040
1615,CRH2A,CRH2A-2041
1616,CRH2A,CRH2A-2042
1617,CRH2A,CRH2A-2043
1618,CRH2A,CRH2A-2044
1619,CRH2A,CRH2A-2046
1620,CRH2A,CRH2A-2049
1621,CRH2A,CRH2A-2050
1622,CRH2A,CRH2A-2051
1623,CRH2A,CRH2A-2052
1624,CRH2A,CRH2A-2053
1625,CRH2A,CRH2A-2055
1626,CRH2A,CRH2A-2057
1627,CRH2A,CRH2A-2058
1628,CRH2A,CRH2A-2060
1629,CRH2A,CRH2A-2151
1630,CRH2A,CRH2A-2152
1631,CRH2A,CRH2A-2153
1632,CRH2A,CRH2A-2155
1633,CRH2A,CRH2A-2156
1634,CRH2A,CRH2A-2158
1635,CRH2A,CRH2A-2159
1636,CRH2A,CRH2A-2160
1637,CRH2A,CRH2A-2162
1638,CRH2A,CRH2A-2163
1639,CRH2A,CRH2A-2164
1640,CRH2A,CRH2A-2165
1641,CRH2A,CRH2A-2166
1642,CRH2A,CRH2A-2168
1643,CRH2A,CRH2A-2169
1644,CRH2A,CRH2A-2170
1645,CRH2A,CRH2A-2171
1646,CRH2A,CRH2A-2172
1647,CRH2A,CRH2A-2173
1648,CRH2A,CRH2A-2175
1649,CRH2A,CRH2A-2178
1650,CRH2A,CRH2A-2179
1651,CRH2A,CRH2A-2180
1652,CRH2A,CRH2A-2185
1653,CRH2A,CRH2A-2186
1654,CRH2A,CRH2A-2187
1655,CRH2A,CRH2A-2188
1656,CRH2A,CRH2A-2189
1657,CRH2A,CRH2A-2190
1658,CRH2A,CRH2A-2192
1659,CRH2A,CRH2A-2193
1660,CRH2A,CRH2A-2194
1661,CRH2A,CRH2A-2197
1662,CRH2A,CRH2A-2199
1663,CRH2A,CRH2A-2202
1664,CRH2A,CRH2A-2203
1665,CRH2A,CRH2A-2204
1666,CRH2A,CRH2A-2205
1667,CRH2A,CRH2A-2207
1668,CRH2A,CRH2A-2209
1669,CRH2A,CRH2A-2210
1670,CRH2A,CRH2A-2211
1671,CRH2A,CRH2A-2212
1672,CRH2A,CRH2A-2214
1673,CRH2A,CRH2A-2216
1674,CRH2A,CRH2A-2217
1675,CRH2A,CRH2A-2218
1676,CRH2A,CRH2A-2220
1677,CRH2A,CRH2A-2222
1678,CRH2A,CRH2A-2223
1679,CRH2A,CRH2A-2224
1680,CRH2A,CRH2A-2225
1681,CRH2A,CRH2A-2226
1682,CRH2A,CRH2A-2227
1683,CRH2A,CRH2A-2228
1684,CRH2A,CRH2A-2230
1685,CRH2A,CRH2A-2231
1686,CRH2A,CRH2A-2232
1687,CRH2A,CRH2A-2233
1688,CRH2A,CRH2A-2234
1689,CRH2A,CRH2A-2235
1690,CRH2A,CRH2A-2236
1691,CRH2A,CRH2A-2237
1692,CRH2A,CRH2A-2238
1693,CRH2A,CRH2A-2240
1694,CRH2A,CRH2A-2242
1695,CRH2A,CRH2A-2243
1696,CRH2A,CRH2A-2244
1697,CRH2A,CRH2A-2245
1698,CRH2A,CRH2A-2246
1699,CRH2A,CRH2A-2247
1700,CRH2A,CRH2A-2249
1701,CRH2A,CRH2A-2250
1702,CRH2A,CRH2A-2251
1703,CRH2A,CRH2A-2253
1704,CRH2A,CRH2A-2255
1705,CRH2A,CRH2A-2256
1706,CRH2A,CRH2A-2257
1707,CRH2A,CRH2A-2258
1708,CRH2A,CRH2A-2260
1709,CRH2A,CRH2A-2263
1710,CRH2A,CRH2A-2264
1711,CRH2A,CRH2A-2266
1712,CRH2A,CRH2A-2268
1713,CRH2A,CRH2A-2269
1714,CRH2A,CRH2A-2270
1715,CRH2A,CRH2A-2271
1716,CRH2A,CRH2A-2272
1717,CRH2A,CRH2A-2273
1718,CRH2A,CRH2A-2274
1719,CRH2A,CRH2A-2275
1720,CRH2A,CRH2A-2276
1721,CRH2A,CRH2A-2278
1722,CRH2A,CRH2A-2282
1723,CRH2A,CRH2A-2284
1724,CRH2A,CRH2A-2286
1725,CRH2A,CRH2A-2288
1726,CRH2A,CRH2A-2289
1727,CRH2A,CRH2A-2290
1728,CRH2A,CRH2A-2292
1729,CRH2A,CRH2A-2293
1730,CRH2A,CRH2A-2294
1731,CRH2A,CRH2A-2296
1732,CRH2A,CRH2A-2297
1733,CRH2A,CRH2A-2298
1734,CRH2A,CRH2A-2299
1735,CRH2A,CRH2A-2301
1736,CRH2A,CRH2A-2304
1737,CRH2A,CRH2A-2305
1738,CRH2A,CRH2A-2307
1739,CRH2A,CRH2A-2308
1740,CRH2A,CRH2A-2309
1741,CRH2A,CRH2A-2310
1742,CRH2A,CRH2A-2311
1743,CRH2A,CRH2A-2312
1744,CRH2A,CRH2A-2313
1745,CRH2A,CRH2A-2314
1746,CRH2A,CRH2A-2317
1747,CRH2A,CRH2A-2319
1748,CRH2A,CRH2A-2320
1749,CRH2A,CRH2A-2322
1750,CRH2A,CRH2A-2323
1751,CRH2A,CRH2A-2324
1752,CRH2A,CRH2A-2325
1753,CRH2A,CRH2A-2328
1754,CRH2A,CRH2A-2329
1755,CRH2A,CRH2A-2330
1756,CRH2A,CRH2A-2331
1757,CRH2A,CRH2A-2332
1758,CRH2A,CRH2A-2334
1759,CRH2A,CRH2A-2336
1760,CRH2A,CRH2A-2337
1761,CRH2A,CRH2A-2339
1762,CRH2A,CRH2A-2341
1763,CRH2A,CRH2A-2342
1764,CRH2A,CRH2A-2343
1765,CRH2A,CRH2A-2344
1766,CRH2A,CRH2A-2346
1767,CRH2A,CRH2A-2347
1768,CRH2A,CRH2A-2348
1769,CRH2A,CRH2A-2349
1770,CRH2A,CRH2A-2353
1771,CRH2A,CRH2A-2354
1772,CRH2A,CRH2A-2357
1773,CRH2A,CRH2A-2358
1774,CRH2A,CRH2A-2359
1775,CRH2A,CRH2A-2360
1776,CRH2A,CRH2A-2361
1777,CRH2A,CRH2A-2362
1778,CRH2A,CRH2A-2364
1779,CRH2A,CRH2A-2365
1780,CRH2A,CRH2A-2366
1781,CRH2A,CRH2A-2367
1782,CRH2A,CRH2A-2368
1783,CRH2A,CRH2A-2369
1784,CRH2A,CRH2A-2371
1785,CRH2A,CRH2A-2374
1786,CRH2A,CRH2A-2375
1787,CRH2A,CRH2A-2376
1788,CRH2A,CRH2A-2377
1789,CRH2A,CRH2A-2378
1790,CRH2A,CRH2A-2379
1791,CRH2A,CRH2A-2381
1792,CRH2A,CRH2A-2382
1793,CRH2A,CRH2A-2383
1794,CRH2A,CRH2A-2384
1795,CRH2A,CRH2A-2385
1796,CRH2A,CRH2A-2386
1797,CRH2A,CRH2A-2387
1798,CRH2A,CRH2A-2388
1799,CRH2A,CRH2A-2390
1800,CRH2A,CRH2A-2393
1801,CRH2A,CRH2A-2395
1802,CRH2A,CRH2A-2396
1803,CRH2A,CRH2A-2398
1804,CRH2A,CRH2A-2399
1805,CRH2A,CRH2A-2400
1806,CRH2A,CRH2A-2402
1807,CRH2A,CRH2A-2403
1808,CRH2A,CRH2A-2404
1809,CRH2A,CRH2A-2405
1810,CRH2A,CRH2A-2406
1811,CRH2A,CRH2A-2407
1812,CRH2A,CRH2A-2408
1813,CRH2A,CRH2A-2409
1814,CRH2A,CRH2A-2410
1815,CRH2A,CRH2A-2411
1816,CRH2A,CRH2A-2412
1817,CRH2A,CRH2A-2413
1818,CRH2A,CRH2A-2414
1819,CRH2A,CRH2A-2415
1820,CRH2A,CRH2A-2416
1821,CRH2A,CRH2A-2427
1822,CRH2A,CRH2A-2428
1823,CRH2A,CRH2A-2429
1824,CRH2A,CRH2A-2430
1825,CRH2A,CRH2A-2431
1826,CRH2A,CRH2A-2434
1827,CRH2A,CRH2A-2435
1828,CRH2A,CRH2A-2437
1829,CRH2A,CRH2A-2438
1830,CRH2A,CRH2A-2439
1831,CRH2A,CRH2A-2440
1832,CRH2A,CRH2A-2441
1833,CRH2A,CRH2A-2442
1834,CRH2A,CRH2A-2443
1835,CRH2A,CRH2A-2444
1836,CRH2A,CRH2A-2446
1837,CRH2A,CRH2A-2450
1838,CRH2A,CRH2A-2452
1839,CRH2A,CRH2A-2453
1840,CRH2A,CRH2A-2454
1841,CRH2A,CRH2A-2455
1842,CRH2A,CRH2A-2456
1843,CRH2A,CRH2A-2457
1844,CRH2A,CRH2A-2458
1845,CRH2A,CRH2A-2459
1846,CRH2A,CRH2A-2474
1847,CRH2A,CRH2A-2475
1848,CRH2A,CRH2A-2477
1849,CRH2A,CRH2A-2478
1850,CRH2A,CRH2A-2479
1851,CRH2A,CRH2A-2480
1852,CRH2A,CRH2A-2481
1853,CRH2A,CRH2A-2483
1854,CRH2A,CRH2A-2484
1855,CRH2A,CRH2A-2485
1856,CRH2A,CRH2A-2486
1857,CRH2A,CRH2A-2487
1858,CRH2A,CRH2A-2488
1859,CRH2A,CRH2A-2489
1860,CRH2A,CRH2A-2490
1861,CRH2A,CRH2A-2491
1862,CRH2A,CRH2A-2492
1863,CRH2A,CRH2A-2496
1864,CRH2A,CRH2A-2497
1865,CRH2A,CRH2A-2498
1866,CRH2A,CRH2A-2499
1867,CRH2A,CRH2A-4001
1868,CRH2A,CRH2A-4002
1869,CRH2A,CRH2A-4006
1870,CRH2A,CRH2A-4011
1871,CRH2A,CRH2A-4012
1872,CRH2A,CRH2A-4013
1873,CRH2A,CRH2A-4015
1874,CRH2A,CRH2A-4016
1875,CRH2A,CRH2A-4017
1876,CRH2A,CRH2A-4019
1877,CRH2A,CRH2A-4021
1878,CRH2A,CRH2A-4023
1879,CRH2A,CRH2A-4024
1880,CRH2A,CRH2A-4025
1881,CRH2A,CRH2A-4026
1882,CRH2A,CRH2A-4029
1883,CRH2A,CRH2A-4031
1884,CRH2A,CRH2A-4032
1885,CRH2A,CRH2A-4033
1886,CRH2A,CRH2A-4037
1887,CRH2A,CRH2A-4039
1888,CRH2A,CRH2A-4041
1889,CRH2A,CRH2A-4043
1890,CRH2A,CRH2A-4044
1891,CRH2A,CRH2A-4045
1892,CRH2A,CRH2A-4046
1893,CRH2A,CRH2A-4047
1894,CRH2A,CRH2A-4049
1895,CRH2A,CRH2A-4050
1896,CRH2A,CRH2A-4052
1897,CRH2A,CRH2A-4053
1898,CRH2A,CRH2A-4054
1899,CRH2A,CRH2A-4058
1900,CRH2A,CRH2A-4059
1901,CRH2A,CRH2A-4060
1902,CRH2A,CRH2A-4061
1903,CRH2A,CRH2A-4062
1904,CRH2A,CRH2A-4063
1905,CRH2A,CRH2A-4064
1906,CRH2A,CRH2A-4066
1907,CRH2A,CRH2A-4068
1908,CRH2A,CRH2A-4070
1909,CRH2A,CRH2A-4071
1910,CRH2A,CRH2A-4082
1911,CRH2A,CRH2A-4085
1912,CRH2A,CRH2A-4086
1913,CRH2A,CRH2A-4092
1914,CRH2A,CRH2A-4094
1915,CRH2A,CRH2A-4114
1916,CRH2A,CRH2A-4116
1917,CRH2A,CRH2A-4117
1918,CRH2A,CRH2A-4118
1919,CRH2A,CRH2A-4119
1920,CRH2A,CRH2A-4122
1921,CRH2A,CRH2A-4123
1922,CRH2A,CRH2A-4124
1923,CRH2A,CRH2A-4125
1924,CRH2A,CRH2A-4126
1925,CRH2A,CRH2A-4127
1926,CRH2A,CRH2A-4128
1927,CRH2A,CRH2A-4129
1928,CRH2A,CRH2A-4130
1929,CRH2A,CRH2A-4131
1930,CRH2B,CRH2B-2112
1931,CRH2B,CRH2B-2113
1932,CRH2B,CRH2B-2115
1933,CRH2B,CRH2B-2116
1934,CRH2B,CRH2B-2117
1935,CRH2B,CRH2B-2118
1936,CRH2B,CRH2B-2119
1937,CRH2B,CRH2B-2120
1938,CRH2B,CRH2B-2466
1939,CRH2B,CRH2B-2467
1940,CRH2B,CRH2B-2468
1941,CRH2B,CRH2B-2469
1942,CRH2B,CRH2B-2470
1943,CRH2B,CRH2B-2472
1944,CRH2B,CRH2B-4096
1945,CRH2B,CRH2B-4097
1946,CRH2B,CRH2B-4098
1947,CRH2B,CRH2B-4099
1948,CRH2B,CRH2B-4100
1949,CRH2B,CRH2B-4101
1950,CRH2B,CRH2B-4102
1951,CRH2B,CRH2B-4104
1952,CRH2C-1,CRH2C-1-2063
1953,CRH2C-1,CRH2C-1-2064
1954,CRH2C-1,CRH2C-1-2066
1955,CRH2C-1,CRH2C-1-2067
1956,CRH2C-1,CRH2C-1-2069
1957,CRH2C-1,CRH2C-1-2070
1958,CRH2C-1,CRH2C-1-2071
1959,CRH2C-1,CRH2C-1-2072
1960,CRH2C-1,CRH2C-1-2073
1961,CRH2C-1,CRH2C-1-2075
1962,CRH2C-1,CRH2C-1-2076
1963,CRH2C-1,CRH2C-1-2077
1964,CRH2C-1,CRH2C-1-2078
1965,CRH2C-1,CRH2C-1-2079
1966,CRH2C-1,CRH2C-1-2080
1967,CRH2C-1,CRH2C-1-2082
1968,CRH2C-1,CRH2C-1-2083
1969,CRH2C-1,CRH2C-1-2084
1970,CRH2C-1,CRH2C-1-2085
1971,CRH2C-1,CRH2C-1-2090
1972,CRH2C-2,CRH2C-2-2091
1973,CRH2C-2,CRH2C-2-2092
1974,CRH2C-2,CRH2C-2-2093
1975,CRH2C-2,CRH2C-2-2094
1976,CRH2C-2,CRH2C-2-2098
1977,CRH2C-2,CRH2C-2-2099
1978,CRH2C-2,CRH2C-2-2100
1979,CRH2C-2,CRH2C-2-2102
1980,CRH2C-2,CRH2C-2-2103
1981,CRH2C-2,CRH2C-2-2104
1982,CRH2C-2,CRH2C-2-2106
1983,CRH2C-2,CRH2C-2-2107
1984,CRH2C-2,CRH2C-2-2108
1985,CRH2C-2,CRH2C-2-2110
1986,CRH2C-2,CRH2C-2-2141
1987,CRH2C-2,CRH2C-2-2142
1988,CRH2C-2,CRH2C-2-2143
1989,CRH2C-2,CRH2C-2-2144
1990,CRH2C-2,CRH2C-2-2146
1991,CRH2C-2,CRH2C-2-2147
1992,CRH2E,CRH2E-2123
1993,CRH2E,CRH2E-2124
1994,CRH2E,CRH2E-2125
1995,CRH2E,CRH2E-2126
1996,CRH2E,CRH2E-2128
1997,CRH2E,CRH2E-2131
1998,CRH2E,CRH2E-2133
1999,CRH2E,CRH2E-2135
2000,CRH2E,CRH2E-2136
2001,CRH2E,CRH2E-2137
2002,CRH2E,CRH2E-2138
2003,CRH2E,CRH2E-2140
2004,CRH2E,CRH2E-2463
2005,CRH2E,CRH2E-2464
2006,CRH2G,CRH2G-2417
2007,CRH2G,CRH2G-2419
2008,CRH2G,CRH2G-2420
2009,CRH2G,CRH2G-2421
2010,CRH2G,CRH2G-2422
2011,CRH2G,CRH2G-2423
2012,CRH2G,CRH2G-2425
2013,CRH2G,CRH2G-4072
2014,CRH2G,CRH2G-4073
2015,CRH2G,CRH2G-4076
2016,CRH2G,CRH2G-4077
2017,CRH2G,CRH2G-4078
2018,CRH2G,CRH2G-4079
2019,CRH2G,CRH2G-4080
2020,CRH2G,CRH2G-4081
2021,CRH2G,CRH2G-4106
2022,CRH2G,CRH2G-4107
2023,CRH2G,CRH2G-4108
2024,CRH2G,CRH2G-4109
2025,CRH2G,CRH2G-4110
2026,CRH2G,CRH2G-4111
2027,CRH2G,CRH2G-4112
2028,CRH2G,CRH2G-4113
2029,CRH2G,CRH2G-4501
2030,CRH380A,CRH380A-2501
2031,CRH380A,CRH380A-2502
2032,CRH380A,CRH380A-2503
2033,CRH380A,CRH380A-2504
2034,CRH380A,CRH380A-2505
2035,CRH380A,CRH380A-2507
2036,CRH380A,CRH380A-2508
2037,CRH380A,CRH380A-2509
2038,CRH380A,CRH380A-2510
2039,CRH380A,CRH380A-2511
2040,CRH380A,CRH380A-2514
2041,CRH380A,CRH380A-2515
2042,CRH380A,CRH380A-2516
2043,CRH380A,CRH380A-2517
2044,CRH380A,CRH380A-2518
2045,CRH380A,CRH380A-2521
2046,CRH380A,CRH380A-2523
2047,CRH380A,CRH380A-2526
2048,CRH380A,CRH380A-2528
2049,CRH380A,CRH380A-2529
2050,CRH380A,CRH380A-2530
2051,CRH380A,CRH380A-2532
2052,CRH380A,CRH380A-2533
2053,CRH380A,CRH380A-2535
2054,CRH380A,CRH380A-2536
2055,CRH380A,CRH380A-2537
2056,CRH380A,CRH380A-2539
2057,CRH380A,CRH380A-2540
2058,CRH380A,CRH380A-2648
2059,CRH380A,CRH380A-2649
2060,CRH380A,CRH380A-2651
2061,CRH380A,CRH380A-2654
2062,CRH380A,CRH380A-2655
2063,CRH380A,CRH380A-2657
2064,CRH380A,CRH380A-2658
2065,CRH380A,CRH380A-2659
2066,CRH380A,CRH380A-2660
2067,CRH380A,CRH380A-2661
2068,CRH380A,CRH380A-2664
2069,CRH380A,CRH380A-2665
2070,CRH380A,CRH380A-2666
2071,CRH380A,CRH380A-2668
2072,CRH380A,CRH380A-2669
2073,CRH380A,CRH380A-2670
2074,CRH380A,CRH380A-2672
2075,CRH380A,CRH380A-2673
2076,CRH380A,CRH380A-2674
2077,CRH380A,CRH380A-2678
2078,CRH380A,CRH380A-2679
2079,CRH380A,CRH380A-2681
2080,CRH380A,CRH380A-2683
2081,CRH380A,CRH380A-2684
2082,CRH380A,CRH380A-2685
2083,CRH380A,CRH380A-2688
2084,CRH380A,CRH380A-2689
2085,CRH380A,CRH380A-2690
2086,CRH380A,CRH380A-2692
2087,CRH380A,CRH380A-2694
2088,CRH380A,CRH380A-2697
2089,CRH380A,CRH380A-2699
2090,CRH380A,CRH380A-2701
2091,CRH380A,CRH380A-2702
2092,CRH380A,CRH380A-2703
2093,CRH380A,CRH380A-2704
2094,CRH380A,CRH380A-2706
2095,CRH380A,CRH380A-2707
2096,CRH380A,CRH380A-2708
2097,CRH380A,CRH380A-2711
2098,CRH380A,CRH380A-2712
2099,CRH380A,CRH380A-2715
2100,CRH380A,CRH380A-2718
2101,CRH380A,CRH380A-2719
2102,CRH380A,CRH380A-2720
2103,CRH380A,CRH380A-2721
2104,CRH380A,CRH380A-2722
2105,CRH380A,CRH380A-2724
2106,CRH380A,CRH380A-2726
2107,CRH380A,CRH380A-2728
2108,CRH380A,CRH380A-2729
2109,CRH380A,CRH380A-2732
2110,CRH380A,CRH380A-2734
2111,CRH380A,CRH380A-2735
2112,CRH380A,CRH380A-2737
2113,CRH380A,CRH380A-2738
2114,CRH380A,CRH380A-2739
2115,CRH380A,CRH380A-2740
2116,CRH380A,CRH380A-2741
2117,CRH380A,CRH380A-2742
2118,CRH380A,CRH380A-2745
2119,CRH380A,CRH380A-2747
2120,CRH380A,CRH380A-2748
2121,CRH380A,CRH380A-2750
2122,CRH380A,CRH380A-2751
2123,CRH380A,CRH380A-2752
2124,CRH380A,CRH380A-2753
2125,CRH380A,CRH380A-2754
2126,CRH380A,CRH380A-2755
2127,CRH380A,CRH380A-2756
2128,CRH380A,CRH380A-2759
2129,CRH380A,CRH380A-2760
2130,CRH380A,CRH380A-2761
2131,CRH380A,CRH380A-2762
2132,CRH380A,CRH380A-2764
2133,CRH380A,CRH380A-2765
2134,CRH380A,CRH380A-2766
2135,CRH380A,CRH380A-2767
2136,CRH380A,CRH380A-2768
2137,CRH380A,CRH380A-2770
2138,CRH380A,CRH380A-2774
2139,CRH380A,CRH380A-2776
2140,CRH380A,CRH380A-2777
2141,CRH380A,CRH380A-2778
2142,CRH380A,CRH380A-2780
2143,CRH380A,CRH380A-2781
2144,CRH380A,CRH380A-2782
2145,CRH380A,CRH380A-2783
2146,CRH380A,CRH380A-2784
2147,CRH380A,CRH380A-2785
2148,CRH380A,CRH380A-2787
2149,CRH380A,CRH380A-2789
2150,CRH380A,CRH380A-2790
2151,CRH380A,CRH380A-2791
2152,CRH380A,CRH380A-2792
2153,CRH380A,CRH380A-2793
2154,CRH380A,CRH380A-2795
2155,CRH380A,CRH380A-2797
2156,CRH380A,CRH380A-2798
2157,CRH380A,CRH380A-2800
2158,CRH380A,CRH380A-2801
2159,CRH380A,CRH380A-2802
2160,CRH380A,CRH380A-2803
2161,CRH380A,CRH380A-2804
2162,CRH380A,CRH380A-2805
2163,CRH380A,CRH380A-2806
2164,CRH380A,CRH380A-2807
2165,CRH380A,CRH380A-2810
2166,CRH380A,CRH380A-2811
2167,CRH380A,CRH380A-2813
2168,CRH380A,CRH380A-2815
2169,CRH380A,CRH380A-2817
2170,CRH380A,CRH380A-2819
2171,CRH380A,CRH380A-2820
2172,CRH380A,CRH380A-2821
2173,CRH380A,CRH380A-2822
2174,CRH380A,CRH380A-2823
2175,CRH380A,CRH380A-2824
2176,CRH380A,CRH380A-2826
2177,CRH380A,CRH380A-2827
2178,CRH380A,CRH380A-2829
2179,CRH380A,CRH380A-2831
2180,CRH380A,CRH380A-2832
2181,CRH380A,CRH380A-2833
2182,CRH380A,CRH380A-2834
2183,CRH380A,CRH380A-2836
2184,CRH380A,CRH380A-2838
2185,CRH380A,CRH380A-2839
2186,CRH380A,CRH380A-2843
2187,CRH380A,CRH380A-2844
2188,CRH380A,CRH380A-2846
2189,CRH380A,CRH380A-2847
2190,CRH380A,CRH380A-2848
2191,CRH380A,CRH380A-2852
2192,CRH380A,CRH380A-2853
2193,CRH380A,CRH380A-2854
2194,CRH380A,CRH380A-2855
2195,CRH380A,CRH380A-2856
2196,CRH380A,CRH380A-2857
2197,CRH380A,CRH380A-2858
2198,CRH380A,CRH380A-2859
2199,CRH380A,CRH380A-2861
2200,CRH380A,CRH380A-2863
2201,CRH380A,CRH380A-2864
2202,CRH380A,CRH380A-2865
2203,CRH380A,CRH380A-2866
2204,CRH380A,CRH380A-2869
2205,CRH380A,CRH380A-2871
2206,CRH380A,CRH380A-2872
2207,CRH380A,CRH380A-2873
2208,CRH380A,CRH380A-2874
2209,CRH380A,CRH380A-2875
2210,CRH380A,CRH380A-2876
2211,CRH380A,CRH380A-2878
2212,CRH380A,CRH380A-2879
2213,CRH380A,CRH380A-2882
2214,CRH380A,CRH380A-2884
2215,CRH380A,CRH380A-2886
2216,CRH380A,CRH380A-2887
2217,CRH380A,CRH380A-2888
2218,CRH380A,CRH380A-2889
2219,CRH380A,CRH380A-2890
2220,CRH380A,CRH380A-2891
2221,CRH380A,CRH380A-2892
2222,CRH380A,CRH380A-2894
2223,CRH380A,CRH380A-2896
2224,CRH380A,CRH380A-2897
2225,CRH380A,CRH380A-2899
2226,CRH380A,CRH380A-2900
2227,CRH380A,CRH380A-2901
2228,CRH380A,CRH380A-2902
2229,CRH380A,CRH380A-2904
2230,CRH380A,CRH380A-2905
2231,CRH380A,CRH380A-2906
2232,CRH380A,CRH380A-2907
2233,CRH380A,CRH380A-2908
2234,CRH380A,CRH380A-2923
2235,CRH380A,CRH380A-2925
2236,CRH380A,CRH380A-2931
2237,CRH380A,CRH380A-2933
2238,CRH380A,CRH380A-2934
2239,CRH380A,CRH380A-2935
2240,CRH380AL,CRH380AL-2541
2241,CRH380AL,CRH380AL-2542
2242,CRH380AL,CRH380AL-2543
2243,CRH380AL,CRH380AL-2544
2244,CRH380AL,CRH380AL-2545
2245,CRH380AL,CRH380AL-2547
2246,CRH380AL,CRH380AL-2549
2247,CRH380AL,CRH380AL-2550
2248,CRH380AL,CRH380AL-2552
2249,CRH380AL,CRH380AL-2554
2250,CRH380AL,CRH380AL-2555
2251,CRH380AL,CRH380AL-2556
2252,CRH380AL,CRH380AL-2557
2253,CRH380AL,CRH380AL-2558
2254,CRH380AL,CRH380AL-2559
2255,CRH380AL,CRH380AL-2560
2256,CRH380AL,CRH380AL-2561
2257,CRH380AL,CRH380AL-2562
2258,CRH380AL,CRH380AL-2564
2259,CRH380AL,CRH380AL-2566
2260,CRH380AL,CRH380AL-2567
2261,CRH380AL,CRH380AL-2568
2262,CRH380AL,CRH380AL-2570
2263,CRH380AL,CRH380AL-2571
2264,CRH380AL,CRH380AL-2572
2265,CRH380AL,CRH380AL-2573
2266,CRH380AL,CRH380AL-2574
2267,CRH380AL,CRH380AL-2575
2268,CRH380AL,CRH380AL-2576
2269,CRH380AL,CRH380AL-2577
2270,CRH380AL,CRH380AL-2580
2271,CRH380AL,CRH380AL-2581
2272,CRH380AL,CRH380AL-2582
2273,CRH380AL,CRH380AL-2583
2274,CRH380AL,CRH380AL-2584
2275,CRH380AL,CRH380AL-2586
2276,CRH380AL,CRH380AL-2587
2277,CRH380AL,CRH380AL-2588
2278,CRH380AL,CRH380AL-2590
2279,CRH380AL,CRH380AL-2591
2280,CRH380AL,CRH380AL-2592
2281,CRH380AL,CRH380AL-2593
2282,CRH380AL,CRH380AL-2594
2283,CRH380AL,CRH380AL-2595
2284,CRH380AL,CRH380AL-2596
2285,CRH380AL,CRH380AL-2598
2286,CRH380AL,CRH380AL-2600
2287,CRH380AL,CRH380AL-2601
2288,CRH380AL,CRH380AL-2602
2289,CRH380AL,CRH380AL-2603
2290,CRH380AL,CRH380AL-2604
2291,CRH380AL,CRH380AL-2606
2292,CRH380AL,CRH380AL-2607
2293,CRH380AL,CRH380AL-2608
2294,CRH380AL,CRH380AL-2609
2295,CRH380AL,CRH380AL-2610
2296,CRH380AL,CRH380AL-2612
2297,CRH380AL,CRH380AL-2614
2298,CRH380AL,CRH380AL-2615
2299,CRH380AL,CRH380AL-2617
2300,CRH380AL,CRH380AL-2618
2301,CRH380AL,CRH380AL-2620
2302,CRH380AL,CRH380AL-2622
2303,CRH380AL,CRH380AL-2623
2304,CRH380AL,CRH380AL-2624
2305,CRH380AL,CRH380AL-2625
2306,CRH380AL,CRH380AL-2628
2307,CRH380AL,CRH380AL-2629
2308,CRH380AL,CRH380AL-2630
2309,CRH380AL,CRH380AL-2631
2310,CRH380AL,CRH380AL-2633
2311,CRH380AL,CRH380AL-2634
2312,CRH380AL,CRH380AL-2635
2313,CRH380AL,CRH380AL-2636
2314,CRH380AL,CRH380AL-2637
2315,CRH380AL,CRH380AL-2638
2316,CRH380AL,CRH380AL-2640
2317,CRH380AL,CRH380AL-2913
2318,CRH380AL,CRH380AL-2914
2319,CRH380AL,CRH380AL-2916
2320,CRH380AL,CRH380AL-2918
2321,CRH380AL,CRH380AL-2919
2322,CRH380AL,CRH380AL-2920
2323,CRH380AL,CRH380AL-2926
2324,CRH380AL,CRH380AL-2927
2325,CRH380AL,CRH380AL-2928
2326,CRH380AL,CRH380AL-2929
2327,CRH380AL,CRH380AL-2930
2328,CRH380AN,CRH380AN-0206
2329,CRH380B,CRH380B-3571
2330,CRH380B,CRH380B-3572
2331,CRH380B,CRH380B-3573
2332,CRH380B,CRH380B-3574
2333,CRH380B,CRH380B-3575
2334,CRH380B,CRH380B-3576
2335,CRH380B,CRH380B-3577
2336,CRH380B,CRH380B-3578
2337,CRH380B,CRH380B-3580
2338,CRH380B,CRH380B-3581
2339,CRH380B,CRH380B-3583
2340,CRH380B,CRH380B-3584
2341,CRH380B,CRH380B-3585
2342,CRH380B,CRH380B-3586
2343,CRH380B,CRH380B-3587
2344,CRH380B,CRH380B-3588
2345,CRH380B,CRH380B-3589
2346,CRH380B,CRH380B-3590
2347,CRH380B,CRH380B-3591
2348,CRH380B,CRH380B-3592
2349,CRH380B,CRH380B-3594
2350,CRH380B,CRH380B-3596
2351,CRH380B,CRH380B-3599
2352,CRH380B,CRH380B-3600
2353,CRH380B,CRH380B-3602
2354,CRH380B,CRH380B-3603
2355,CRH380B,CRH380B-3605
2356,CRH380B,CRH380B-3606
2357,CRH380B,CRH380B-3607
2358,CRH380B,CRH380B-3609
2359,CRH380B,CRH380B-3610
2360,CRH380B,CRH380B-3614
2361,CRH380B,CRH380B-3615
2362,CRH380B,CRH380B-3617
2363,CRH380B,CRH380B-3618
2364,CRH380B,CRH380B-3619
2365,CRH380B,CRH380B-3620
2366,CRH380B,CRH380B-3621
2367,CRH380B,CRH380B-3622
2368,CRH380B,CRH380B-3623
2369,CRH380B,CRH380B-3625
2370,CRH380B,CRH380B-3626
2371,CRH380B,CRH380B-3627
2372,CRH380B,CRH380B-3628
2373,CRH380B,CRH380B-3629
2374,CRH380B,CRH380B-3631
2375,CRH380B,CRH380B-3632
2376,CRH380B,CRH380B-3634
2377,CRH380B,CRH380B-3635
2378,CRH380B,CRH380B-3636
2379,CRH380B,CRH380B-3637
2380,CRH380B,CRH380B-3638
2381,CRH380B,CRH380B-3639
2382,CRH380B,CRH380B-3641
2383,CRH380B,CRH380B-3644
2384,CRH380B,CRH380B-3645
2385,CRH380B,CRH380B-3647
2386,CRH380B,CRH380B-3648
2387,CRH380B,CRH380B-3649
2388,CRH380B,CRH380B-3652
2389,CRH380B,CRH380B-3653
2390,CRH380B,CRH380B-3654
2391,CRH380B,CRH380B-3656
2392,CRH380B,CRH380B-3657
2393,CRH380B,CRH380B-3659
2394,CRH380B,CRH380B-3660
2395,CRH380B,CRH380B-3661
2396,CRH380B,CRH380B-3663
2397,CRH380B,CRH380B-3664
2398,CRH380B,CRH380B-3665
2399,CRH380B,CRH380B-3666
2400,CRH380B,CRH380B-3667
2401,CRH380B,CRH380B-3670
2402,CRH380B,CRH380B-3671
2403,CRH380B,CRH380B-3672
2404,CRH380B,CRH380B-3673
2405,CRH380B,CRH380B-3674
2406,CRH380B,CRH380B-3675
2407,CRH380B,CRH380B-3676
2408,CRH380B,CRH380B-3677
2409,CRH380B,CRH380B-3678
2410,CRH380B,CRH380B-3679
2411,CRH380B,CRH380B-3680
2412,CRH380B,CRH380B-3681
2413,CRH380B,CRH380B-3682
2414,CRH380B,CRH380B-3683
2415,CRH380B,CRH380B-3685
2416,CRH380B,CRH380B-3686
2417,CRH380B,CRH380B-3687
2418,CRH380B,CRH380B-3688
2419,CRH380B,CRH380B-3690
2420,CRH380B,CRH380B-3691
2421,CRH380B,CRH380B-3692
2422,CRH380B,CRH380B-3693
2423,CRH380B,CRH380B-3694
2424,CRH380B,CRH380B-3695
2425,CRH380B,CRH380B-3697
2426,CRH380B,CRH380B-3698
2427,CRH380B,CRH380B-3699
2428,CRH380B,CRH380B-3700
2429,CRH380B,CRH380B-3701
2430,CRH380B,CRH380B-3702
2431,CRH380B,CRH380B-3703
2432,CRH380B,CRH380B-3704
2433,CRH380B,CRH380B-3705
2434,CRH380B,CRH380B-3706
2435,CRH380B,CRH380B-3707
2436,CRH380B,CRH380B-3708
2437,CRH380B,CRH380B-3709
2438,CRH380B,CRH380B-3710
2439,CRH380B,CRH380B-3711
2440,CRH380B,CRH380B-3712
2441,CRH380B,CRH380B-3714
2442,CRH380B,CRH380B-3715
2443,CRH380B,CRH380B-3716
2444,CRH380B,CRH380B-3717
2445,CRH380B,CRH380B-3718
2446,CRH380B,CRH380B-3719
2447,CRH380B,CRH380B-3720
2448,CRH380B,CRH380B-3721
2449,CRH380B,CRH380B-3722
2450,CRH380B,CRH380B-3724
2451,CRH380B,CRH380B-3726
2452,CRH380B,CRH380B-3727
2453,CRH380B,CRH380B-3728
2454,CRH380B,CRH380B-3729
2455,CRH380B,CRH380B-3739
2456,CRH380B,CRH380B-3741
2457,CRH380B,CRH380B-3742
2458,CRH380B,CRH380B-3743
2459,CRH380B,CRH380B-3745
2460,CRH380B,CRH380B-3748
2461,CRH380B,CRH380B-3749
2462,CRH380B,CRH380B-3753
2463,CRH380B,CRH380B-3754
2464,CRH380B,CRH380B-3757
2465,CRH380B,CRH380B-3762
2466,CRH380B,CRH380B-3764
2467,CRH380B,CRH380B-3766
2468,CRH380B,CRH380B-3772
2469,CRH380B,CRH380B-5638
2470,CRH380B,CRH380B-5640
2471,CRH380B,CRH380B-5641
2472,CRH380B,CRH380B-5642
2473,CRH380B,CRH380B-5645
2474,CRH380B,CRH380B-5646
2475,CRH380B,CRH380B-5647
2476,CRH380B,CRH380B-5649
2477,CRH380B,CRH380B-5651
2478,CRH380B,CRH380B-5653
2479,CRH380B,CRH380B-5654
2480,CRH380B,CRH380B-5655
2481,CRH380B,CRH380B-5657
2482,CRH380B,CRH380B-5661
2483,CRH380B,CRH380B-5663
2484,CRH380B,CRH380B-5664
2485,CRH380B,CRH380B-5665
2486,CRH380B,CRH380B-5667
2487,CRH380B,CRH380B-5668
2488,CRH380B,CRH380B-5671
2489,CRH380B,CRH380B-5673
2490,CRH380B,CRH380B-5674
2491,CRH380B,CRH380B-5675
2492,CRH380B,CRH380B-5676
2493,CRH380B,CRH380B-5677
2494,CRH380B,CRH380B-5678
2495,CRH380B,CRH380B-5680
2496,CRH380B,CRH380B-5681
2497,CRH380B,CRH380B-5682
2498,CRH380B,CRH380B-5683
2499,CRH380B,CRH380B-5730
2500,CRH380B,CRH380B-5733
2501,CRH380B,CRH380B-5734
2502,CRH380B,CRH380B-5735
2503,CRH380B,CRH380B-5736
2504,CRH380B,CRH380B-5738
2505,CRH380B,CRH380B-5740
2506,CRH380B,CRH380B-5742
2507,CRH380B,CRH380B-5743
2508,CRH380B,CRH380B-5746
2509,CRH380B,CRH380B-5747
2510,CRH380B,CRH380B-5749
2511,CRH380B,CRH380B-5750
2512,CRH380B,CRH380B-5751
2513,CRH380B,CRH380B-5752
2514,CRH380B,CRH380B-5753
2515,CRH380B,CRH380B-5754
2516,CRH380B,CRH380B-5756
2517,CRH380B,CRH380B-5758
2518,CRH380B,CRH380B-5759
2519,CRH380B,CRH380B-5761
2520,CRH380B,CRH380B-5787
2521,CRH380B,CRH380B-5789
2522,CRH380B,CRH380B-5790
2523,CRH380B,CRH380B-5791
2524,CRH380B,CRH380B-5792
2525,CRH380B,CRH380B-5793
2526,CRH380B,CRH380B-5794
2527,CRH380B,CRH380B-5795
2528,CRH380B,CRH380B-5796
2529,CRH380B,CRH380B-5797
2530,CRH380B,CRH380B-5799
2531,CRH380B,CRH380B-5800
2532,CRH380B,CRH380B-5801
2533,CRH380B,CRH380B-5831
2534,CRH380B,CRH380B-5835
2535,CRH380B,CRH380B-5836
2536,CRH380B,CRH380B-5837
2537,CRH380B,CRH380B-5841
2538,CRH380B,CRH380B-5842
2539,CRH380B,CRH380B-5843
2540,CRH380B,CRH380B-5845
2541,CRH380B,CRH380B-5847
2542,CRH380B,CRH380B-5849
2543,CRH380B,CRH380B-5850
2544,CRH380B,CRH380B-5851
2545,CRH380B,CRH380B-5852
2546,CRH380B,CRH380B-5854
2547,CRH380B,CRH380B-5855
2548,CRH380B,CRH380B-5857
2549,CRH380B,CRH380B-5858
2550,CRH380B,CRH380B-5859
2551,CRH380B,CRH380B-5861
2552,CRH380B,CRH380B-5862
2553,CRH380B,CRH380B-5863
2554,CRH380B,CRH380B-5864
2555,CRH380B,CRH380B-5866
2556,CRH380B,CRH380B-5867
2557,CRH380B,CRH380B-5868
2558,CRH380B,CRH380B-5869
2559,CRH380B,CRH380B-5870
2560,CRH380B,CRH380B-5871
2561,CRH380B,CRH380B-5872
2562,CRH380B,CRH380B-5873
2563,CRH380B,CRH380B-5875
2564,CRH380B,CRH380B-5876
2565,CRH380B,CRH380B-5877
2566,CRH380B,CRH380B-5878
2567,CRH380B,CRH380B-5879
2568,CRH380B,CRH380B-5880
2569,CRH380B,CRH380B-5881
2570,CRH380B,CRH380B-5883
2571,CRH380B,CRH380B-5884
2572,CRH380B,CRH380B-5887
2573,CRH380B,CRH380B-5888
2574,CRH380BG,CRH380BG-5546
2575,CRH380BG,CRH380BG-5547
2576,CRH380BG,CRH380BG-5548
2577,CRH380BG,CRH380BG-5551
2578,CRH380BG,CRH380BG-5552
2579,CRH380BG,CRH380BG-5553
2580,CRH380BG,CRH380BG-5554
2581,CRH380BG,CRH380BG-5555
2582,CRH380BG,CRH380BG-5556
2583,CRH380BG,CRH380BG-5557
2584,CRH380BG,CRH380BG-5558
2585,CRH380BG,CRH380BG-5559
2586,CRH380BG,CRH380BG-5560
2587,CRH380BG,CRH380BG-5561
2588,CRH380BG,CRH380BG-5563
2589,CRH380BG,CRH380BG-5565
2590,CRH380BG,CRH380BG-5566
2591,CRH380BG,CRH380BG-5567
2592,CRH380BG,CRH380BG-5568
2593,CRH380BG,CRH380BG-5570
2594,CRH380BG,CRH380BG-5571
2595,CRH380BG,CRH380BG-5573
2596,CRH380BG,CRH380BG-5574
2597,CRH380BG,CRH380BG-5576
2598,CRH380BG,CRH380BG-5577
2599,CRH380BG,CRH380BG-5581
2600,CRH380BG,CRH380BG-5582
2601,CRH380BG,CRH380BG-5583
2602,CRH380BG,CRH380BG-5584
2603,CRH380BG,CRH380BG-5585
2604,CRH380BG,CRH380BG-5586
2605,CRH380BG,CRH380BG-5589
2606,CRH380BG,CRH380BG-5590
2607,CRH380BG,CRH380BG-5592
2608,CRH380BG,CRH380BG-5593
2609,CRH380BG,CRH380BG-5594
2610,CRH380BG,CRH380BG-5595
2611,CRH380BG,CRH380BG-5596
2612,CRH380BG,CRH380BG-5599
2613,CRH380BG,CRH380BG-5600
2614,CRH380BG,CRH380BG-5626
2615,CRH380BG,CRH380BG-5628
2616,CRH380BG,CRH380BG-5629
2617,CRH380BG,CRH380BG-5630
2618,CRH380BG,CRH380BG-5632
2619,CRH380BG,CRH380BG-5634
2620,CRH380BG,CRH380BG-5635
2621,CRH380BG,CRH380BG-5636
2622,CRH380BG,CRH380BG-5685
2623,CRH380BG,CRH380BG-5686
2624,CRH380BG,CRH380BG-5687
2625,CRH380BG,CRH380BG-5689
2626,CRH380BG,CRH380BG-5690
2627,CRH380BG,CRH380BG-5691
2628,CRH380BG,CRH380BG-5692
2629,CRH380BG,CRH380BG-5693
2630,CRH380BG,CRH380BG-5694
2631,CRH380BG,CRH380BG-5695
2632,CRH380BG,CRH380BG-5697
2633,CRH380BG,CRH380BG-5698
2634,CRH380BG,CRH380BG-5699
2635,CRH380BG,CRH380BG-5700
2636,CRH380BG,CRH380BG-5703
2637,CRH380BG,CRH380BG-5704
2638,CRH380BG,CRH380BG-5705
2639,CRH380BG,CRH380BG-5706
2640,CRH380BG,CRH380BG-5707
2641,CRH380BG,CRH380BG-5709
2642,CRH380BG,CRH380BG-5710
2643,CRH380BG,CRH380BG-5711
2644,CRH380BG,CRH380BG-5712
2645,CRH380BG,CRH380BG-5715
2646,CRH380BG,CRH380BG-5716
2647,CRH380BG,CRH380BG-5717
2648,CRH380BG,CRH380BG-5719
2649,CRH380BG,CRH380BG-5721
2650,CRH380BG,CRH380BG-5722
2651,CRH380BG,CRH380BG-5723
2652,CRH380BG,CRH380BG-5724
2653,CRH380BG,CRH380BG-5726
2654,CRH380BG,CRH380BG-5729
2655,CRH380BG,CRH380BG-5762
2656,CRH380BG,CRH380BG-5763
2657,CRH380BG,CRH380BG-5764
2658,CRH380BG,CRH380BG-5766
2659,CRH380BG,CRH380BG-5768
2660,CRH380BG,CRH380BG-5770
2661,CRH380BG,CRH380BG-5771
2662,CRH380BG,CRH380BG-5772
2663,CRH380BG,CRH380BG-5774
2664,CRH380BG,CRH380BG-5775
2665,CRH380BG,CRH380BG-5776
2666,CRH380BG,CRH380BG-5778
2667,CRH380BG,CRH380BG-5779
2668,CRH380BG,CRH380BG-5780
2669,CRH380BG,CRH380BG-5781
2670,CRH380BG,CRH380BG-5783
2671,CRH380BG,CRH380BG-5784
2672,CRH380BG,CRH380BG-5785
2673,CRH380BG,CRH380BG-5786
2674,CRH380BG,CRH380BG-5803
2675,CRH380BG,CRH380BG-5804
2676,CRH380BG,CRH380BG-5805
2677,CRH380BG,CRH380BG-5806
2678,CRH380BG,CRH380BG-5807
2679,CRH380BG,CRH380BG-5808
2680,CRH380BG,CRH380BG-5812
2681,CRH380BG,CRH380BG-5813
2682,CRH380BG,CRH380BG-5815
2683,CRH380BG,CRH380BG-5816
2684,CRH380BG,CRH380BG-5817
2685,CRH380BG,CRH380BG-5819
2686,CRH380BG,CRH380BG-5820
2687,CRH380BL,CRH380BL-3501
2688,CRH380BL,CRH380BL-3502
2689,CRH380BL,CRH380BL-3503
2690,CRH380BL,CRH380BL-3504
2691,CRH380BL,CRH380BL-3505
2692,CRH380BL,CRH380BL-3508
2693,CRH380BL,CRH380BL-3510
2694,CRH380BL,CRH380BL-3511
2695,CRH380BL,CRH380BL-3512
2696,CRH380BL,CRH380BL-3513
2697,CRH380BL,CRH380BL-3514
2698,CRH380BL,CRH380BL-3515
2699,CRH380BL,CRH380BL-3516
2700,CRH380BL,CRH380BL-3517
2701,CRH380BL,CRH380BL-3519
2702,CRH380BL,CRH380BL-3521
2703,CRH380BL,CRH380BL-3522
2704,CRH380BL,CRH380BL-3523
2705,CRH380BL,CRH380BL-3524
2706,CRH380BL,CRH380BL-3525
2707,CRH380BL,CRH380BL-3526
2708,CRH380BL,CRH380BL-3527
2709,CRH380BL,CRH380BL-3529
2710,CRH380BL,CRH380BL-3530
2711,CRH380BL,CRH380BL-3531
2712,CRH380BL,CRH380BL-3532
2713,CRH380BL,CRH380BL-3533
2714,CRH380BL,CRH380BL-3534
2715,CRH380BL,CRH380BL-3536
2716,CRH380BL,CRH380BL-3537
2717,CRH380BL,CRH380BL-3538
2718,CRH380BL,CRH380BL-3539
2719,CRH380BL,CRH380BL-3540
2720,CRH380BL,CRH380BL-3541
2721,CRH380BL,CRH380BL-3543
2722,CRH380BL,CRH380BL-3544
2723,CRH380BL,CRH380BL-3546
2724,CRH380BL,CRH380BL-3547
2725,CRH380BL,CRH380BL-3549
2726,CRH380BL,CRH380BL-3551
2727,CRH380BL,CRH380BL-3552
2728,CRH380BL,CRH380BL-3553
2729,CRH380BL,CRH380BL-3554
2730,CRH380BL,CRH380BL-3555
2731,CRH380BL,CRH380BL-3557
2732,CRH380BL,CRH380BL-3560
2733,CRH380BL,CRH380BL-3562
2734,CRH380BL,CRH380BL-3565
2735,CRH380BL,CRH380BL-3566
2736,CRH380BL,CRH380BL-3567
2737,CRH380BL,CRH380BL-3568
2738,CRH380BL,CRH380BL-3570
2739,CRH380BL,CRH380BL-3732
2740,CRH380BL,CRH380BL-3734
2741,CRH380BL,CRH380BL-3735
2742,CRH380BL,CRH380BL-3737
2743,CRH380BL,CRH380BL-3775
2744,CRH380BL,CRH380BL-3776
2745,CRH380BL,CRH380BL-3777
2746,CRH380BL,CRH380BL-3779
2747,CRH380BL,CRH380BL-3780
2748,CRH380BL,CRH380BL-3781
2749,CRH380BL,CRH380BL-3783
2750,CRH380BL,CRH380BL-3784
2751,CRH380BL,CRH380BL-3785
2752,CRH380BL,CRH380BL-3786
2753,CRH380BL,CRH380BL-5501
2754,CRH380BL,CRH380BL-5502
2755,CRH380BL,CRH380BL-5503
2756,CRH380BL,CRH380BL-5505
2757,CRH380BL,CRH380BL-5506
2758,CRH380BL,CRH380BL-5507
2759,CRH380BL,CRH380BL-5509
2760,CRH380BL,CRH380BL-5510
2761,CRH380BL,CRH380BL-5511
2762,CRH380BL,CRH380BL-5512
2763,CRH380BL,CRH380BL-5513
2764,CRH380BL,CRH380BL-5514
2765,CRH380BL,CRH380BL-5515
2766,CRH380BL,CRH380BL-5516
2767,CRH380BL,CRH380BL-5518
2768,CRH380BL,CRH380BL-5519
2769,CRH380BL,CRH380BL-5520
2770,CRH380BL,CRH380BL-5521
2771,CRH380BL,CRH380BL-5522
2772,CRH380BL,CRH380BL-5523
2773,CRH380BL,CRH380BL-5524
2774,CRH380BL,CRH380BL-5525
2775,CRH380BL,CRH380BL-5526
2776,CRH380BL,CRH380BL-5527
2777,CRH380BL,CRH380BL-5528
2778,CRH380BL,CRH380BL-5529
2779,CRH380BL,CRH380BL-5530
2780,CRH380BL,CRH380BL-5531
2781,CRH380BL,CRH380BL-5532
2782,CRH380BL,CRH380BL-5534
2783,CRH380BL,CRH380BL-5535
2784,CRH380BL,CRH380BL-5536
2785,CRH380BL,CRH380BL-5537
2786,CRH380BL,CRH380BL-5538
2787,CRH380BL,CRH380BL-5539
2788,CRH380BL,CRH380BL-5540
2789,CRH380BL,CRH380BL-5541
2790,CRH380BL,CRH380BL-5542
2791,CRH380BL,CRH380BL-5543
2792,CRH380BL,CRH380BL-5544
2793,CRH380BL,CRH380BL-5823
2794,CRH380BL,CRH380BL-5825
2795,CRH380BL,CRH380BL-5826
2796,CRH380BL,CRH380BL-5828
2797,CRH380BL,CRH380BL-5889
2798,CRH380BL,CRH380BL-5891
2799,CRH380BL,CRH380BL-5893
2800,CRH380BL,CRH380BL-5894
2801,CRH380BL,CRH380BL-5895
2802,CRH380BL,CRH380BL-5896
2803,CRH380BL,CRH380BL-5897
2804,CRH380BL,CRH380BL-5898
2805,CRH380CL,CRH380CL-5601
2806,CRH380CL,CRH380CL-5602
2807,CRH380CL,CRH380CL-5603
2808,CRH380CL,CRH380CL-5604
2809,CRH380CL,CRH380CL-5605
2810,CRH380CL,CRH380CL-5609
2811,CRH380CL,CRH380CL-5610
2812,CRH380CL,CRH380CL-5611
2813,CRH380CL,CRH380CL-5612
2814,CRH380CL,CRH380CL-5613
2815,CRH380CL,CRH380CL-5614
2816,CRH380CL,CRH380CL-5615
2817,CRH380CL,CRH380CL-5616
2818,CRH380CL,CRH380CL-5617
2819,CRH380CL,CRH380CL-5618
2820,CRH380CL,CRH380CL-5619
2821,CRH380CL,CRH380CL-5620
2822,CRH380CL,CRH380CL-5621
2823,CRH380CL,CRH380CL-5622
2824,CRH380CL,CRH380CL-5624
2825,CRH380CL,CRH380CL-5625
2826,CRH380D,CRH380D-1501
2827,CRH380D,CRH380D-1502
2828,CRH380D,CRH380D-1504
2829,CRH380D,CRH380D-1505
2830,CRH380D,CRH380D-1507
2831,CRH380D,CRH380D-1508
2832,CRH380D,CRH380D-1509
2833,CRH380D,CRH380D-1510
2834,CRH380D,CRH380D-1511
2835,CRH380D,CRH380D-1512
2836,CRH380D,CRH380D-1514
2837,CRH380D,CRH380D-1515
2838,CRH380D,CRH380D-1517
2839,CRH380D,CRH380D-1518
2840,CRH380D,CRH380D-1520
2841,CRH380D,CRH380D-1521
2842,CRH380D,CRH380D-1522
2843,CRH380D,CRH380D-1523
2844,CRH380D,CRH380D-1524
2845,CRH380D,CRH380D-1525
2846,CRH380D,CRH380D-1526
2847,CRH380D,CRH380D-1527
2848,CRH380D,CRH380D-1531
2849,CRH380D,CRH380D-1532
2850,CRH380D,CRH380D-1533
2851,CRH380D,CRH380D-1534
2852,CRH380D,CRH380D-1535
2853,CRH380D,CRH380D-1536
2854,CRH380D,CRH380D-1537
2855,CRH380D,CRH380D-1538
2856,CRH380D,CRH380D-1539
2857,CRH380D,CRH380D-1540
2858,CRH380D,CRH380D-1541
2859,CRH380D,CRH380D-1542
2860,CRH380D,CRH380D-1543
2861,CRH380D,CRH380D-1544
2862,CRH380D,CRH380D-1548
2863,CRH380D,CRH380D-1549
2864,CRH380D,CRH380D-1550
2865,CRH380D,CRH380D-1551
2866,CRH380D,CRH380D-1553
2867,CRH380D,CRH380D-1554
2868,CRH380D,CRH380D-1555
2869,CRH380D,CRH380D-1556
2870,CRH380D,CRH380D-1557
2871,CRH380D,CRH380D-1558
2872,CRH380D,CRH380D-1559
2873,CRH380D,CRH380D-1560
2874,CRH380D,CRH380D-1561
2875,CRH380D,CRH380D-1562
2876,CRH380D,CRH380D-1563
2877,CRH380D,CRH380D-1564
2878,CRH380D,CRH380D-1565
2879,CRH380D,CRH380D-1567
2880,CRH380D,CRH380D-1568
2881,CRH380D,CRH380D-1570
2882,CRH380D,CRH380D-1571
2883,CRH380D,CRH380D-1572
2884,CRH380D,CRH380D-1573
2885,CRH380D,CRH380D-1574
2886,CRH380D,CRH380D-1575
2887,CRH380D,CRH380D-1578
2888,CRH380D,CRH380D-1579
2889,CRH380D,CRH380D-1580
2890,CRH380D,CRH380D-1581
2891,CRH380D,CRH380D-1582
2892,CRH380D,CRH380D-1583
2893,CRH380D,CRH380D-1585
2894,CRH3A,CRH3A-3081
2895,CRH3A,CRH3A-3083
2896,CRH3A,CRH3A-3084
2897,CRH3A,CRH3A-3087
2898,CRH3A,CRH3A-3088
2899,CRH3A,CRH3A-3090
2900,CRH3A,CRH3A-3091
2901,CRH3A,CRH3A-3092
2902,CRH3A,CRH3A-3093
2903,CRH3A,CRH3A-3094
2904,CRH3A,CRH3A-3097
2905,CRH3A,CRH3A-3098
2906,CRH3A,CRH3A-3099
2907,CRH3A,CRH3A-3100
2908,CRH3A,CRH3A-3101
2909,CRH3A,CRH3A-3102
2910,CRH3A,CRH3A-3103
2911,CRH3A,CRH3A-3104
2912,CRH3A,CRH3A-3105
2913,CRH3A,CRH3A-3106
2914,CRH3A,CRH3A-3107
2915,CRH3A,CRH3A-3108
2916,CRH3A,CRH3A-3111
2917,CRH3A,CRH3A-5230
2918,CRH3A,CRH3A-5233
2919,CRH3A,CRH3A-5234
2920,CRH3A,CRH3A-5235
2921,CRH3A,CRH3A-5237
2922,CRH3A,CRH3A-5238
2923,CRH3A,CRH3A-5239
2924,CRH3A,CRH3A-5241
2925,CRH3A,CRH3A-5244
2926,CRH3A,CRH3A-5245
2927,CRH3A,CRH3A-5246
2928,CRH3A,CRH3A-5248
2929,CRH3A,CRH3A-5249
2930,CRH3A,CRH3A-5250
2931,CRH3A,CRH3A-5252
2932,CRH3A,CRH3A-5253
2933,CRH3A,CRH3A-5254
2934,CRH3A,CRH3A-5255
2935,CRH3A,CRH3A-5256
2936,CRH3C,CRH3C-3001
2937,CRH3C,CRH3C-3002
2938,CRH3C,CRH3C-3003
2939,CRH3C,CRH3C-3004
2940,CRH3C,CRH3C-3005
2941,CRH3C,CRH3C-3006
2942,CRH3C,CRH3C-3007
2943,CRH3C,CRH3C-3008
2944,CRH3C,CRH3C-3010
2945,CRH3C,CRH3C-3011
2946,CRH3C,CRH3C-3012
2947,CRH3C,CRH3C-3013
2948,CRH3C,CRH3C-3015
2949,CRH3C,CRH3C-3016
2950,CRH3C,CRH3C-3017
2951,CRH3C,CRH3C-3018
2952,CRH3C,CRH3C-3019
2953,CRH3C,CRH3C-3020
2954,CRH3C,CRH3C-3021
2955,CRH3C,CRH3C-3022
2956,CRH3C,CRH3C-3024
2957,CRH3C,CRH3C-3025
2958,CRH3C,CRH3C-3026
2959,CRH3C,CRH3C-3027
2960,CRH3C,CRH3C-3028
2961,CRH3C,CRH3C-3030
2962,CRH3C,CRH3C-3031
2963,CRH3C,CRH3C-3032
2964,CRH3C,CRH3C-3033
2965,CRH3C,CRH3C-3034
2966,CRH3C,CRH3C-3035
2967,CRH3C,CRH3C-3036
2968,CRH3C,CRH3C-3037
2969,CRH3C,CRH3C-3038
2970,CRH3C,CRH3C-3039
2971,CRH3C,CRH3C-3041
2972,CRH3C,CRH3C-3043
2973,CRH3C,CRH3C-3044
2974,CRH3C,CRH3C-3045
2975,CRH3C,CRH3C-3046
2976,CRH3C,CRH3C-3047
2977,CRH3C,CRH3C-3049
2978,CRH3C,CRH3C-3052
2979,CRH3C,CRH3C-3054
2980,CRH3C,CRH3C-3055
2981,CRH3C,CRH3C-3056
2982,CRH3C,CRH3C-3058
2983,CRH3C,CRH3C-3059
2984,CRH3C,CRH3C-3060
2985,CRH3C,CRH3C-3061
2986,CRH3C,CRH3C-3063
2987,CRH3C,CRH3C-3064
2988,CRH3C,CRH3C-3065
2989,CRH3C,CRH3C-3066
2990,CRH3C,CRH3C-3067
2991,CRH3C,CRH3C-3068
2992,CRH3C,CRH3C-3069
2993,CRH3C,CRH3C-3071
2994,CRH3C,CRH3C-3072
2995,CRH3C,CRH3C-3073
2996,CRH3C,CRH3C-3076
2997,CRH3C,CRH3C-3077
2998,CRH3C,CRH3C-3078
2999,CRH3C,CRH3C-3079
3000,CRH5A,CRH5A-5001
3001,CRH5A,CRH5A-5002
3002,CRH5A,CRH5A-5003
3003,CRH5A,CRH5A-5004
3004,CRH5A,CRH5A-5006
3005,CRH5A,CRH5A-5008
3006,CRH5A,CRH5A-5009
3007,CRH5A,CRH5A-5010
3008,CRH5A,CRH5A-5011
3009,CRH5A,CRH5A-5012
3010,CRH5A,CRH5A-5014
3011,CRH5A,CRH5A-5015
3012,CRH5A,CRH5A-5016
3013,CRH5A,CRH5A-5017
3014,CRH5A,CRH5A-5018
3015,CRH5A,CRH5A-5023
3016,CRH5A,CRH5A-5024
3017,CRH5A,CRH5A-5026
3018,CRH5A,CRH5A-5027
3019,CRH5A,CRH5A-5028
3020,CRH5A,CRH5A-5029
3021,CRH5A,CRH5A-5030
3022,CRH5A,CRH5A-5031
3023,CRH5A,CRH5A-5032
3024,CRH5A,CRH5A-5033
3025,CRH5A,CRH5A-5034
3026,CRH5A,CRH5A-5035
3027,CRH5A,CRH5A-5036
3028,CRH5A,CRH5A-5037
3029,CRH5A,CRH5A-5039
3030,CRH5A,CRH5A-5040
3031,CRH5A,CRH5A-5041
3032,CRH5A,CRH5A-5043
3033,CRH5A,CRH5A-5045
3034,CRH5A,CRH5A-5046
3035,CRH5A,CRH5A-5047
3036,CRH5A,CRH5A-5048
3037,CRH5A,CRH5A-5049
3038,CRH5A,CRH5A-5050
3039,CRH5A,CRH5A-5051
3040,CRH5A,CRH5A-5054
3041,CRH5A,CRH5A-5055
3042,CRH5A,CRH5A-5056
3043,CRH5A,CRH5A-5057
3044,CRH5A,CRH5A-5059
3045,CRH5A,CRH5A-5060
3046,CRH5A,CRH5A-5061
3047,CRH5A,CRH5A-5062
3048,CRH5A,CRH5A-5065
3049,CRH5A,CRH5A-5066
3050,CRH5A,CRH5A-5067
3051,CRH5A,CRH5A-5068
3052,CRH5A,CRH5A-5069
3053,CRH5A,CRH5A-5070
3054,CRH5A,CRH5A-5071
3055,CRH5A,CRH5A-5072
3056,CRH5A,CRH5A-5074
3057,CRH5A,CRH5A-5076
3058,CRH5A,CRH5A-5078
3059,CRH5A,CRH5A-5079
3060,CRH5A,CRH5A-5080
3061,CRH5A,CRH5A-5082
3062,CRH5A,CRH5A-5083
3063,CRH5A,CRH5A-5085
3064,CRH5A,CRH5A-5086
3065,CRH5A,CRH5A-5087
3066,CRH5A,CRH5A-5089
3067,CRH5A,CRH5A-5090
3068,CRH5A,CRH5A-5091
3069,CRH5A,CRH5A-5093
3070,CRH5A,CRH5A-5094
3071,CRH5A,CRH5A-5096
3072,CRH5A,CRH5A-5097
3073,CRH5A,CRH5A-5098
3074,CRH5A,CRH5A-5099
3075,CRH5A,CRH5A-5100
3076,CRH5A,CRH5A-5102
3077,CRH5A,CRH5A-5104
3078,CRH5A,CRH5A-5105
3079,CRH5A,CRH5A-5106
3080,CRH5A,CRH5A-5107
3081,CRH5A,CRH5A-5109
3082,CRH5A,CRH5A-5110
3083,CRH5A,CRH5A-5111
3084,CRH5A,CRH5A-5113
3085,CRH5A,CRH5A-5114
3086,CRH5A,CRH5A-5115
3087,CRH5A,CRH5A-5116
3088,CRH5A,CRH5A-5118
3089,CRH5A,CRH5A-5119
3090,CRH5A,CRH5A-5120
3091,CRH5A,CRH5A-5122
3092,CRH5A,CRH5A-5124
3093,CRH5A,CRH5A-5125
3094,CRH5A,CRH5A-5126
3095,CRH5A,CRH5A-5127
3096,CRH5A,CRH5A-5128
3097,CRH5A,CRH5A-5129
3098,CRH5A,CRH5A-5130
3099,CRH5A,CRH5A-5132
3100,CRH5A,CRH5A-5134
3101,CRH5A,CRH5A-5135
3102,CRH5A,CRH5A-5136
3103,CRH5A,CRH5A-5137
3104,CRH5A,CRH5A-5138
3105,CRH5A,CRH5A-5139
3106,CRH5A,CRH5A-5140
3107,CRH5E,CRH5E-5201
3108,CRH5E,CRH5E-5202
3109,CRH5G,CRH5G-5141
3110,CRH5G,CRH5G-5143
3111,CRH5G,CRH5G-5144
3112,CRH5G,CRH5G-5145
3113,CRH5G,CRH5G-5146
3114,CRH5G,CRH5G-5149
3115,CRH5G,CRH5G-5150
3116,CRH5G,CRH5G-5151
3117,CRH5G,CRH5G-5152
3118,CRH5G,CRH5G-5153
3119,CRH5G,CRH5G-5154
3120,CRH5G,CRH5G-5156
3121,CRH5G,CRH5G-5159
3122,CRH5G,CRH5G-5160
3123,CRH5G,CRH5G-5161
3124,CRH5G,CRH5G-5162
3125,CRH5G,CRH5G-5163
3126,CRH5G,CRH5G-5164
3127,CRH5G,CRH5G-5165
3128,CRH5G,CRH5G-5166
3129,CRH5G,CRH5G-5167
3130,CRH5G,CRH5G-5168
3131,CRH5G,CRH5G-5169
3132,CRH5G,CRH5G-5170
3133,CRH5G,CRH5G-5171
3134,CRH5G,CRH5G-5173
3135,CRH5G,CRH5G-5175
3136,CRH5G,CRH5G-5177
3137,CRH5G,CRH5G-5178
3138,CRH5G,CRH5G-5179
3139,CRH5G,CRH5G-5180
3140,CRH5G,CRH5G-5182
3141,CRH5G,CRH5G-5183
3142,CRH5G,CRH5G-5184
3143,CRH5G,CRH5G-5185
3144,CRH5G,CRH5G-5186
3145,CRH5G,CRH5G-5187
3146,CRH5G,CRH5G-5188
3147,CRH5G,CRH5G-5190
3148,CRH5G,CRH5G-5191
3149,CRH5G,CRH5G-5193
3150,CRH5G,CRH5G-5194
3151,CRH5G,CRH5G-5195
3152,CRH5G,CRH5G-5197
3153,CRH5G,CRH5G-5199
3154,CRH5G,CRH5G-5206
3155,CRH5G,CRH5G-5207
3156,CRH5G,CRH5G-5208
3157,CRH5G,CRH5G-5209
3158,CRH5G,CRH5G-5211
3159,CRH5G,CRH5G-5213
3160,CRH5G,CRH5G-5214
3161,CRH5G,CRH5G-5215
3162,CRH5G,CRH5G-5216
3163,CRH5G,CRH5G-5218
3164,CRH5G,CRH5G-5219
3165,CRH5G,CRH5G-5220
3166,CRH5G,CRH5G-5221
3167,CRH5G,CRH5G-5222
3168,CRH5G,CRH5G-5223
3169,CRH5G,CRH5G-5224
3170,CRH5G,CRH5G-5225
3171,CRH5G,CRH5G-5229
