id,areaId,telecode,name
1,1,AAV,应县西
2,1,YZV,应县
3,2,AAX,昂昂溪
4,3,ABB,阿城北
5,3,ACB,阿城
6,4,ABJ,永登北
7,4,GEJ,皋兰
8,4,HKJ,河口南
9,4,LAJ,兰州西
10,4,LQJ,兰州新区
11,4,LZJ,兰州
12,4,QWJ,秦王川
13,4,XGJ,夏官营
14,4,YDJ,永登
15,4,ZRJ,中川机场东
16,5,ABN,宜昌北
17,5,HAN,宜昌东
18,5,NCI,宜昌东
19,6,ABV,运城北
20,6,YNV,运城
21,7,ABZ,玉林北
22,7,YLZ,玉林
23,8,ACG,永修
24,9,ACI,安次
25,10,ACQ,老城镇
26,10,FZQ,福山镇
27,11,ACS,永春
28,12,ADA,安江东
29,12,QEQ,黔城
30,13,ADF,安阳东
31,13,AYF,安阳
32,14,ADO,安多
33,14,NQO,那曲
34,15,ADS,延平东
35,15,YPS,延平
36,15,YWS,延平西
37,16,ADX,安达
38,17,AEQ,益阳
39,17,YAA,益阳南
40,18,AER,阿克陶
41,19,AEV,安泽
42,20,AEW,盐津
43,21,AFH,盐城
44,21,YFU,盐城大丰
45,22,AFW,酉阳
46,23,AGM,野象谷
47,24,AGT,安广
48,25,AGV,阳高南
49,25,YOV,阳高
50,26,AHQ,四会
51,27,AHX,阿里河
52,28,AIH,阳澄湖
53,28,KNH,昆山南
54,28,KSH,昆山
55,29,AIM,云县
56,30,AIU,安庆西
57,30,APH,怀宁
58,31,AJB,安家
59,32,AJH,建湖
60,33,AJJ,艾家村
61,34,AJM,元江
62,35,AJP,燕郊
63,36,AJU,安吉
64,37,AJV,永济北
65,37,YIV,永济
66,38,AKR,阿拉山口
67,39,AKY,安康
68,40,ALD,敖力布告
69,41,ALN,安陆
70,41,AXN,安陆西
71,42,ALY,榆林
72,43,AMM,元谋西
73,44,ANM,云南驿
74,45,ANS,安溪东
75,46,AOH,上海虹桥
76,46,EGH,金山北
77,46,IMH,上海松江
78,46,LTU,练塘
79,46,SHH,上海
80,46,SNH,上海南
81,46,SXH,上海西
82,47,AOJ,姚渡
83,48,AOM,阳宗
84,49,AOQ,永州
85,50,AOR,阿拉尔
86,51,APM,永平县
87,52,AQH,安庆
88,53,AQK,源迁
89,54,AQW,施秉
90,55,ARG,安仁
91,56,ARH,平阳
92,57,ARM,永仁
93,58,ARP,阳邑
94,59,ARQ,三水北
95,60,ART,阿尔山
96,61,ARW,安德
97,62,ASE,安顺西
98,62,ASW,安顺
99,63,ASH,安亭北
100,64,ASR,阿克苏
101,65,AST,鞍山
102,65,AXT,鞍山西
103,66,ASX,阿龙山
104,67,ASY,永寿
105,67,AUY,永寿西
106,68,ATP,玉田县
107,69,ATR,阿图什
108,70,ATV,安塘
109,71,AUH,淮安
110,71,HAU,淮安东
111,72,AUR,阿勒泰
112,73,AVM,漾濞
113,74,AWR,阿瓦提
114,75,AWW,岳池
115,76,AXJ,宁县
116,77,AXL,安图西
117,78,AXM,玉溪
118,79,AXU,安亭西
119,80,AXV,榆社西
120,80,YSV,榆社
121,81,AYP,阳泉东
122,81,YPP,阳泉北
123,82,AYS,杨源
124,83,AYY,安口窑
125,84,AZE,安州
126,85,AZK,燕家庄
127,86,BAB,北安
128,87,BAC,巴彦高勒
129,87,RKC,磴口
130,88,BAI,哈尔滨
131,88,HBB,哈尔滨
132,88,HTB,哈尔滨北
133,88,VAB,哈尔滨西
134,88,VBB,哈尔滨东
135,88,XFB,香坊
136,89,BAM,保山
137,90,BAT,白狼
138,91,BAU,宝应
139,92,BAY,巴山
140,93,BBA,白云机场北
141,94,BBB,宾西北
142,95,BBH,蚌埠
143,95,BMH,蚌埠南
144,96,BBN,巴东
145,97,BBY,宝鸡南
146,97,BJY,宝鸡
147,97,GZY,虢镇
148,98,BBZ,博白
149,99,BCD,白音胡硕
150,100,BCR,巴楚
151,101,BCT,白城
152,102,BDA,白云机场东
153,103,BDC,包头东
154,103,BTC,包头
155,103,KDC,昆都仑召
156,104,BDE,巴中东
157,104,BZE,巴中西
158,104,IEW,巴中
159,105,BDH,上虞
160,105,SSH,绍兴东
161,106,BDL,白山东
162,106,HJL,白山市
163,107,BDP,保定
164,107,BMP,保定东
165,108,BEC,白云鄂博
166,109,BEJ,北滩
167,109,BNJ,白银市
168,109,BVJ,白银南
169,109,BXJ,白银西
170,109,CZJ,长征
171,109,JOJ,靖远北
172,109,JYJ,靖远
173,109,PCJ,平川西
174,110,BEP,北戴河
175,111,BER,博乐
176,112,BEY,白河县
177,113,BFF,宝丰
178,113,PDF,平顶山西
179,113,PEN,平顶山
180,114,BFQ,白马井
181,114,CTQ,银滩
182,114,FTQ,海头
183,115,BFY,彬州东
184,115,BXY,彬州
185,116,BGT,伯官
186,117,BGU,滨海港
187,118,BHA,白云湖
188,119,BHZ,北海
189,120,BII,北辰
190,120,FCP,滨海北
191,120,FHP,滨海西
192,120,JMP,军粮城北
193,120,TBP,天津北
194,120,TGP,塘沽
195,120,TIP,天津南
196,120,TJP,天津
197,120,TXP,天津西
198,120,WWP,武清
199,120,YKP,滨海
200,120,YQP,杨柳青
201,121,BIY,白河东
202,122,BIZ,百色
203,123,BJA,北滘西
204,124,BJJ,白芨沟
205,125,BJP,北京
206,125,BOP,北京东
207,125,BUI,北京通州
208,125,BXP,北京西
209,125,FTP,北京丰台
210,125,IFP,北京朝阳
211,125,IPP,北京大兴
212,125,QIP,清河
213,125,VAP,北京北
214,125,VBP,昌平北
215,125,VNP,北京南
216,125,YUP,亦庄
217,126,BJQ,深圳东
218,126,FHA,福海西
219,126,IOQ,深圳北
220,126,NZQ,福田
221,126,SBA,深圳机场北
222,126,SCA,深圳机场
223,126,SJA,沙井西
224,126,SZQ,深圳
225,127,BKB,白奎堡
226,128,BKD,保康
227,129,BKN,保康县
228,130,BKX,博克图
229,131,BLA,博罗北
230,132,BLB,勃利
231,133,BLT,八里甸子
232,134,BLX,巴林
233,135,BMB,八面通
234,136,BMD,八面城
235,137,BME,白马北
236,137,NDE,内江东
237,137,NJW,内江
238,137,NKW,内江北
239,138,BNB,宝林
240,139,BND,宝龙山
241,140,BNE,巴南
242,141,BNN,野三关
243,142,BNQ,麓谷
244,143,BNU,亳州南
245,143,BZH,亳州
246,144,BOA,博罗
247,144,HCQ,惠州
248,144,HUA,惠州北
249,144,KBA,惠州北
250,144,KDA,惠东
251,144,KDQ,惠东南
252,144,KNA,惠州南
253,144,KNQ,惠阳
254,144,LVA,罗浮山
255,144,ZKA,仲恺
256,145,BOE,毕节
257,146,BOI,宝坻南
258,146,BZI,宝坻
259,147,BOZ,北流
260,148,BPP,宝坻北
261,149,BPT,北票
262,150,BQB,宝泉岭
263,151,BQL,白泉
264,152,BRT,北井子
265,153,BSN,白沙铺
266,153,FLN,枫林
267,154,BSY,白水江
268,155,BTE,保田
269,156,BUB,宝清
270,157,BVE,白云北
271,158,BVT,本溪新城
272,159,BWQ,博鳌
273,159,QYQ,琼海
274,160,BWT,巴图营
275,161,BWW,步行街
276,161,PKW,彭州南
277,161,PMW,彭州
278,162,BXE,白云西
279,163,BXK,博兴
280,164,BXR,北屯市
281,165,BXT,本溪
282,166,BYB,背荫河
283,167,BYC,白音察干
284,168,BYT,鲅鱼圈
285,168,XYT,熊岳城
286,169,BZB,宾州
287,170,BZP,泊头
288,171,CAA,长安
289,172,CAF,长治南
290,172,CBF,长治北
291,172,CUF,长治东
292,172,CZF,长治
293,173,CAJ,陈官营
294,174,CAS,长乐
295,174,CIS,长乐东
296,175,CAU,常熟
297,175,ITH,苏州新区
298,175,KAH,苏州园区
299,175,OHH,苏州北
300,175,SJU,盛泽
301,175,SMU,苏州南
302,175,SZH,苏州
303,175,TCU,太仓
304,175,TNU,太仓南
305,175,ZAU,张家港
306,176,CAX,嵯岗
307,177,CAY,引镇
308,177,EAY,西安北
309,177,GGY,高陵
310,177,LIY,临潼
311,177,XAY,西安
312,177,XDY,西安东
313,178,CBC,查布嘎
314,179,CBH,长兴
315,179,CFH,长兴南
316,180,CBN,赤壁
317,180,CIN,赤壁北
318,181,CBP,沧州西
319,181,COP,沧州
320,182,CBQ,潮汕
321,182,CMQ,潮安
322,182,RVQ,饶平
323,183,CBY,城固北
324,183,CGY,城固
325,184,CCP,承德东
326,185,CCT,长春
327,185,CRT,长春西
328,186,CDB,长汀镇
329,187,CDP,承德
330,187,IVP,承德南
331,188,CEF,长葛
332,188,CGF,长葛北
333,189,CEH,苍南
334,190,CEJ,长城
335,191,CEK,城阳
336,191,HQK,红岛
337,191,KAI,青岛北
338,191,QDK,青岛
339,191,QHK,青岛北
340,191,QJK,青岛机场
341,191,QUK,青岛西
342,192,CFD,赤峰南
343,192,CID,赤峰
344,193,CGV,柴沟堡
345,193,QAP,怀安
346,194,CHA,潮南
347,194,OTQ,汕头
348,194,QAI,汕头
349,194,SNA,汕头南
350,195,CHB,柴河
351,196,CHK,茌平
352,197,CIA,城西
353,198,CIH,巢湖
354,198,GUH,巢湖东
355,199,CJT,蔡家沟
356,200,CJX,成吉思汗
357,201,CJY,蔡家坡
358,201,QAY,岐山
359,202,CKT,草河口
360,203,CLA,长流
361,204,CLK,昌乐
362,205,CLP,昌黎
363,206,CLR,策勒
364,207,CMB,晨明
365,208,CMW,成都西
366,208,CNW,成都南
367,208,ICW,成都东
368,208,WEI,成都东
369,208,XIW,犀浦
370,209,CNE,长宁
371,210,CNG,茶陵南
372,211,CNJ,长农
373,212,CNK,长清
374,212,EEI,济南
375,212,JAK,大明湖
376,212,JGK,济南西
377,212,JNK,济南
378,212,MDK,济南东
379,213,CNQ,潮阳
380,214,CNS,长汀南
381,215,CNZ,岑溪
382,216,COE,重庆东
383,216,CUW,重庆北
384,216,CXW,重庆西
385,216,CYW,沙坪坝
386,216,JCE,江北机场
387,216,WWI,重庆西
388,217,COH,合肥北城
389,217,ENH,合肥南
390,217,HAI,合肥南
391,217,HFH,合肥
392,217,HFU,合肥西
393,218,COK,兰陵北
394,219,COW,长寿北
395,219,CSE,长寿湖
396,219,EFW,长寿
397,220,COZ,崇左南
398,220,CZZ,崇左
399,221,CPK,茌平南
400,222,CPP,昌平
401,223,CPQ,岑村
402,224,CPT,昌图西
403,224,CTT,昌图
404,225,CQE,长箐
405,226,CQJ,长庆桥
406,227,CRK,昌邑
407,228,CSB,楚山
408,229,CSC,察素齐
409,230,CSP,磁山
410,231,CSQ,长沙
411,231,CWQ,长沙南
412,232,CSU,常山
413,233,CTE,朝天
414,234,CTH,余姚北
415,234,YYH,余姚
416,235,CTY,朝天南
417,236,CUH,滁州北
418,236,CXH,滁州
419,237,CUL,长白山
420,238,CUM,楚雄
421,239,CUQ,慈利
422,240,CVA,陈村
423,241,CVK,常庄
424,242,CVO,茶卡
425,243,CVT,长山屯
426,244,CWJ,褚家湾
427,245,CWT,城子坦
428,246,CWY,长武
429,247,CXA,长安西
430,248,CXE,苍溪
431,249,CXK,曹县
432,249,VOK,庄寨
433,250,CXQ,辰溪
434,251,CXT,陈相屯
435,252,CXY,眉县东
436,253,CYE,朝阳湖
437,253,XLE,西来
438,254,CYK,磁窑
439,255,CZE,崇州
440,256,CZH,常州
441,256,ESH,常州北
442,256,JTU,金坛
443,256,QYH,戚墅堰
444,256,WJU,武进
445,257,CZL,朝阳镇
446,258,CZQ,郴州
447,258,ICQ,郴州西
448,259,CZY,陈庄
449,259,PCY,蒲城
450,259,PEY,蒲城东
451,259,PSY,蒲石
452,260,DAG,德安
453,261,DAL,大石头南
454,262,DAQ,常平
455,263,DBC,大板
456,264,DBH,东台
457,265,DBJ,大坝
458,266,DBN,大冶北
459,266,HSN,黄石
460,266,KHN,花湖
461,266,KSN,黄石北
462,267,DBV,东淤地
463,268,DCB,达连河
464,269,DCG,都昌
465,270,DCH,东至
466,271,DCI,大厂
467,272,DCJ,东岔
468,273,DCK,烟台西
469,274,DCZ,东安东
470,275,DDB,滴道
471,276,DDE,独山东
472,276,RWW,独山
473,277,DDF,邓州东
474,277,DOF,邓州
475,278,DDG,德兴东
476,278,DWG,德兴
477,279,DDW,都江堰
478,280,DEE,大邑
479,281,DEP,洞庙河
480,282,DEU,定远东
481,282,EWH,定远
482,283,DFB,东方红
483,284,DFE,大方
484,285,DFJ,大武口
485,285,OHJ,沙湖
486,285,OZJ,石嘴山
487,285,QQJ,石嘴山南
488,286,DFQ,大源
489,287,DFT,大连北
490,287,DLT,大连
491,288,DFZ,道州
492,289,DGA,东莞港
493,290,DGJ,打柴沟
494,291,DGP,东光
495,292,DGT,灯塔
496,293,DGY,丹凤
497,294,DHA,东环
498,295,DHB,东海
499,296,DHD,大虎山
500,297,DHJ,敦煌
501,298,DHL,敦化
502,299,DHO,德令哈
503,300,DHT,德惠
504,300,DXT,德惠西
505,301,DIG,定南南
506,301,DNG,定南
507,302,DIL,东丰
508,303,DIP,德州东
509,303,DZP,德州
510,304,DIQ,张家界
511,304,JXA,张家界西
512,305,DIU,东阳北
513,305,HJU,横店
514,306,DJE,垫江
515,307,DJP,大营镇
516,308,DKA,洞口
517,309,DKH,砀山
518,309,PRH,砀山南
519,310,DKJ,大磴沟
520,311,DKM,大理
521,312,DKS,德化
522,313,DKV,代县
523,313,RDV,雁门关
524,314,DLB,带岭
525,315,DLD,大林
526,316,DMD,东明村
527,317,DMQ,东莞东
528,317,DNA,东莞南
529,317,DXA,东莞西
530,317,IUQ,虎门
531,317,RTQ,东莞
532,317,WGQ,东莞西
533,318,DMV,大同南
534,318,DTV,大同
535,319,DNC,达拉特西
536,320,DNE,大方南
537,321,DNJ,定西北
538,321,DSJ,定西
539,322,DNU,大港南
540,322,RUH,丹徒
541,322,ZEH,镇江南
542,322,ZJH,镇江
543,323,DNV,东镇
544,324,DNY,大荔
545,325,DON,丹江口
546,326,DOP,定州东
547,326,DXP,定州
548,327,DPJ,东风南
549,327,JIJ,金塔
550,327,JNJ,酒泉南
551,327,JQJ,酒泉
552,327,KLJ,河东里
553,327,SRJ,肃州
554,328,DPK,东营
555,329,DQB,对青山
556,330,DQH,东海县
557,331,DQK,定陶
558,332,DQT,大石桥
559,333,DRB,东二道河
560,334,DRH,德清
561,334,MOH,德清西
562,335,DRJ,东湾
563,336,DRX,得耳布尔
564,337,DTB,得莫利
565,338,DTJ,大战场
566,339,DTK,董家口
567,340,DTO,大通西
568,340,HNO,湟源
569,340,XNO,西宁
570,341,DTS,大田北
571,342,DUT,丹东
572,343,DUU,大洋
573,343,JAU,建德南
574,343,JDU,建德
575,344,DUX,大杨树
576,345,DVQ,低庄
577,346,DVW,德昌
578,346,DXE,德昌西
579,347,DWE,党武
580,348,DWJ,低窝铺
581,348,YXJ,玉门
582,349,DWT,登沙河
583,350,DXG,东乡
584,350,FDG,抚州东
585,351,DXN,当阳西
586,351,DYN,当阳
587,352,DXV,定襄
588,353,DXX,大兴
589,354,DYC,东胜西
590,354,EEC,鄂尔多斯
591,354,RSC,东胜东
592,355,DYG,大余
593,356,DYH,丹阳
594,356,EXH,丹阳北
595,357,DYJ,定边
596,358,DYV,大营
597,359,DYW,德阳
598,360,DYX,大雁
599,361,DZV,东庄
600,362,DZX,大庆
601,362,LFX,大庆东
602,362,RHX,大庆西
603,363,DZY,大竹园
604,364,EAF,襄垣东
605,364,EIF,襄垣
606,365,EAH,嘉善南
607,366,EAQ,小榄
608,367,EAV,隰县
609,368,EBC,兴和北
610,369,EBF,许昌北
611,369,XCF,许昌
612,369,XVF,许昌东
613,370,EBY,咸阳北
614,370,XOY,咸阳西
615,370,XYY,咸阳
616,371,ECH,宣城
617,372,ECN,鄂州
618,372,EFN,鄂州东
619,373,ECW,西昌
620,373,ENW,西昌南
621,373,XCE,西昌西
622,374,EDE,宜宾东
623,374,YBW,翠屏
624,374,YKE,宜宾
625,374,YXE,宜宾西
626,375,EDM,小中甸
627,376,EDP,邢台东
628,376,XTP,邢台
629,377,EDQ,湘潭北
630,377,XTQ,湘潭
631,378,EDW,喜德
632,378,XXE,喜德西
633,379,EFG,信丰
634,379,XFG,信丰西
635,380,EFQ,新会
636,380,JNQ,江海
637,380,JOQ,江门
638,380,JWQ,江门东
639,380,UEQ,礼乐
640,381,EGF,新乡东
641,381,ENF,新乡南
642,381,XXF,新乡
643,382,EGG,新干
644,382,XGG,新干东
645,383,EGQ,西平西
646,384,EGY,西安西
647,385,EHF,西华
648,386,EHQ,新化
649,386,EJQ,新化南
650,387,EIP,下台子
651,388,EJC,额济纳
652,389,EJG,峡江
653,390,EJH,夏邑县
654,391,EKB,兴凯
655,392,EKN,襄阳东
656,392,NBI,襄阳东
657,392,XFN,襄阳
658,392,XWN,襄州
659,393,EKY,小河镇
660,394,ELA,二龙山屯
661,395,EMN,兴山
662,396,EMQ,溆浦南
663,396,EPQ,溆浦
664,397,EMR,额敏
665,398,EMS,厦门
666,398,XKS,厦门北
667,398,XMS,厦门
668,399,EMW,峨眉
669,399,IXW,峨眉山
670,400,ENE,峨边南
671,401,ENM,西双版纳
672,402,ENN,息县
673,403,ENP,辛集
674,403,IJP,辛集南
675,404,EOH,萧县
676,404,QSH,萧县北
677,405,EPD,新窝铺
678,406,EPH,嘉兴南
679,406,JXH,嘉兴
680,407,ERN,项城
681,408,ERP,新杖子
682,409,ESN,恩施
683,410,ESR,昆玉
684,411,ETW,秀山
685,412,EUG,兴国
686,412,XIG,兴国西
687,413,EUH,海宁西
688,413,HNH,海宁
689,414,EUM,香格里拉
690,415,EVH,临平南
691,416,EVM,峨山
692,417,EWQ,新晃西
693,417,XLQ,新晃
694,418,EWW,新都东
695,419,EXF,修武西
696,420,EXP,兴隆县
697,420,IRP,兴隆县西
698,421,EYB,新友谊
699,422,EZF,新郑机场
700,422,NYF,南阳寨
701,422,XNF,新郑
702,422,XPF,郑州西
703,422,ZAF,郑州东
704,422,ZIF,郑州航空港
705,422,ZZF,郑州
706,423,FAH,肥西
707,424,FAQ,怀集
708,425,FAS,福安
709,426,FAV,汾阳
710,427,FAW,复盛
711,428,FBH,霍邱
712,429,FBK,费县北
713,429,FXK,费县
714,430,FBM,富源北
715,431,FBQ,广宁
716,432,FBT,扶余北
717,432,FYT,扶余
718,433,FBY,富平南
719,433,FPY,富平
720,434,FBZ,防城港北
721,435,FCA,凤凰古城
722,436,FCG,丰城
723,436,FIG,丰城东
724,437,FCQ,肇庆东
725,437,ZQA,肇庆
726,437,ZVQ,肇庆
727,438,FDA,丰顺东
728,439,FDT,凤城东
729,439,FHT,凤凰城
730,440,FDU,阜宁东
731,440,FNU,阜宁南
732,441,FDY,富县东
733,441,FSY,富县北
734,442,FDZ,富川
735,443,FEA,飞霞
736,444,FEP,白沟
737,445,FES,福鼎
738,445,TLS,太姥山
739,446,FET,抚顺
740,447,FEW,涪陵北
741,447,FLW,涪陵
742,448,FFC,丰镇北
743,448,FZC,丰镇
744,449,FFQ,谷山
745,450,FGF,扶沟南
746,451,FGP,雁栖湖
747,452,FGQ,八方山
748,453,FHH,奉化
749,454,FHR,福海
750,455,FHW,百宜
751,456,FHX,富海
752,457,FIB,富锦
753,458,FIQ,邵东
754,459,FIW,南江
755,460,FJE,奉节
756,461,FJQ,凤凰机场
757,461,JUQ,三亚
758,461,SEQ,三亚
759,461,TWQ,亚龙湾
760,461,YUQ,崖州
761,462,FKQ,观沙岭
762,463,FLJ,福利区
763,464,FLQ,开福寺
764,465,FLV,风陵渡
765,466,FMC,巴彦淖尔
766,467,FMH,沭阳
767,468,FMQ,树木岭
768,469,FMW,贵定北
769,469,GTW,贵定
770,469,KIW,贵定县
771,470,FNB,方正
772,471,FNF,方城
773,472,FNH,阜南
774,473,FNM,富宁
775,474,FNP,抚宁
776,475,FNQ,香樟路
777,476,FNZ,扶绥南
778,477,FOP,霸州西
779,477,RMP,霸州
780,477,SUP,胜芳
781,477,VPP,霸州北
782,478,FOQ,佛山西
783,478,FXA,佛山西
784,479,FOT,阜新
785,479,FXD,阜新南
786,480,FOV,浮山
787,481,FPC,白彦花西
788,482,FPQ,常平南
789,483,FQQ,常平东
790,484,FQS,福清
791,484,FVS,福清西
792,485,FQW,大足南
793,486,FRA,芙蓉镇
794,487,FRX,富拉尔基
795,488,FSE,富顺
796,488,YTE,沿滩
797,489,FSJ,丰水村
798,490,FSV,繁峙
799,491,FTB,福利屯
800,492,FTU,凤台南
801,493,FUK,福山
802,494,FUP,唐山北
803,494,TSI,唐山西
804,494,TSP,唐山
805,495,FUU,富阳西
806,495,FYU,富阳
807,496,FUV,府谷
808,497,FUW,丰都
809,498,FUY,佛坪
810,499,FVG,浮梁东
811,500,FVH,长临河
812,501,FVQ,湘府路
813,502,FVW,龙洞堡
814,502,GAE,贵安
815,502,GIW,贵阳
816,502,KEW,贵阳东
817,502,KQW,贵阳北
818,502,WNI,贵阳北
819,503,FWH,栟茶
820,503,RIH,如东
821,504,FWP,白洋淀
822,505,FWQ,洞井
823,506,FXU,阜阳西
824,506,FYH,阜阳
825,507,FXY,凤县
826,508,FYB,抚远
827,509,FYG,分宜
828,510,FYR,富蕴
829,511,FYS,福州南
830,511,FZS,福州
831,511,GAI,福州
832,512,FYW,资阳北
833,512,ZIE,资阳西
834,513,FYX,富裕
835,514,FZG,抚州
836,515,FZW,璧山
837,516,FZY,凤州
838,517,GAG,共青城
839,518,GAJ,高台南
840,518,GTJ,高台
841,519,GAK,钢城
842,520,GAT,盖州西
843,520,GXT,盖州
844,521,GAU,高邮
845,521,GEU,高邮北
846,522,GAX,甘河
847,523,GAY,高滩
848,524,GAZ,桂平
849,525,GBA,广州白云
850,525,GBQ,广州北
851,525,GGQ,广州东
852,525,GZA,广州白云
853,525,GZQ,广州
854,525,HAA,花都
855,525,IZQ,广州南
856,525,PYA,番禺
857,525,XWQ,广州新塘
858,525,ZCA,增城
859,526,GBD,沟帮子
860,527,GBI,龙岩
861,527,LYS,龙岩
862,528,GBJ,古浪北
863,528,TRJ,天祝西
864,528,TZJ,天祝
865,528,WDJ,武威东
866,528,WUJ,武威
867,528,WWJ,武威南
868,529,GBN,谷城北
869,529,GCN,谷城
870,530,GBP,高碑店
871,530,GMP,高碑店东
872,531,GBS,古田北
873,532,GBT,公主岭南
874,532,GLT,公主岭
875,533,GBZ,桂林北
876,533,GEZ,桂林西
877,533,GLZ,桂林
878,534,GCA,广州长隆
879,535,GCE,高川
880,536,GCG,高安
881,537,GCQ,广州大学城
882,538,GCT,西柳
883,539,GCU,观音机场
884,540,GCV,高村
885,541,GCZ,恭城
886,542,GDE,赶水东
887,543,GDJ,甘草店
888,544,GDN,孝感东
889,544,HCN,汉川
890,544,KFN,汉川北
891,544,XGN,孝感
892,544,XJN,孝感北
893,545,GEH,固镇
894,546,GEX,根河
895,547,GEY,甘泉北
896,548,GFP,固安
897,548,GQP,固安东
898,549,GGJ,甘谷
899,550,GGN,高坪
900,551,GGO,贡嘎
901,552,GGT,葛根庙
902,553,GGZ,贵港
903,554,GHP,冠县
904,555,GIG,赣县北
905,555,GOG,赣州西
906,555,GZG,赣州
907,556,GIP,高邑
908,556,GUP,藁城南
909,556,SJP,石家庄
910,556,SXP,石家庄东
911,556,VVP,石家庄北
912,557,GIU,灌南
913,558,GKP,古北口
914,559,GLA,广州莲花山
915,560,GLB,高楞
916,561,GLE,关岭
917,562,GLF,关林
918,562,LLF,洛阳龙门
919,562,LYF,洛阳
920,563,GLJ,古浪
921,563,TNJ,谭家井
922,564,GMC,公庙子
923,565,GMH,灵璧
924,566,GMK,高密
925,566,GVK,高密北
926,567,GNE,甘洛南
927,568,GNJ,干塘
928,569,GNN,葛店南
929,570,GNP,高邑西
930,571,GNQ,古镇
931,572,GNU,广德南
932,572,GRH,广德
933,573,GOU,灌云
934,574,GPF,高平
935,574,GVF,高平东
936,575,GPH,泗县
937,576,GPM,广通北
938,577,GPP,广平
939,578,GPS,冠豸山
940,578,GSS,冠豸山南
941,579,GQA,官桥北
942,580,GQD,甘旗卡
943,581,GRO,格尔木
944,582,GRX,古莲
945,583,GSN,广水
946,584,GST,灌水
947,585,GTH,洋河
948,585,SQU,宿迁
949,586,GUJ,固原
950,587,GUN,光山
951,588,GUU,古城东
952,589,GVM,橄榄坝
953,590,GVW,广汉北
954,590,SDE,三星堆
955,591,GXA,古丈西
956,592,GXF,巩义
957,592,GYF,巩义南
958,593,GXG,贵溪
959,594,GXM,广南县
960,595,GXN,固始
961,596,GYH,涡阳
962,597,GYU,赣榆
963,598,GYW,广元
964,599,GZB,古城镇
965,600,GZE,果珠
966,601,GZJ,瓜州
967,601,SHJ,疏勒河
968,602,GZK,芝罘
969,602,MBK,牟平
970,602,YAK,烟台
971,603,HAF,鹤壁
972,603,HFF,鹤壁东
973,604,HAH,淮南
974,604,HNU,淮南南
975,604,HOH,淮南东
976,605,HBA,虎门北
977,606,HBE,黄桶北
978,607,HBM,河口北
979,608,HBP,怀柔北
980,608,HRP,怀柔
981,609,HBV,河边
982,610,HCA,花城街
983,611,HCE,湖潮东
984,612,HCF,黄河景区
985,613,HCJ,黑冲滩
986,614,HCT,海城
987,614,HXT,海城西
988,615,HCY,韩城
989,616,HCZ,河唇
990,617,HDA,虎门东
991,618,HDB,横道河子
992,618,KUX,横道河子东
993,619,HDE,花溪大学城
994,620,HDJ,哈达铺
995,621,HDM,化念
996,622,HDO,海东西
997,622,LDO,乐都
998,622,LVO,海东
999,622,MNO,民和南
1000,622,PNO,平安驿
1001,623,HDP,邯郸
1002,623,HPP,邯郸东
1003,624,HDQ,化龙南
1004,625,HDU,黄梅东
1005,625,VEH,黄梅
1006,626,HDV,洪洞
1007,626,HLV,洪洞北
1008,626,HTV,洪洞西
1009,627,HDY,华山北
1010,627,HGY,华山
1011,627,HSY,孟塬
1012,628,HEA,河源东
1013,628,HYA,河源北
1014,628,VIQ,河源
1015,629,HEB,海北
1016,630,HEJ,红寺堡北
1017,630,HSJ,红寺堡
1018,630,TYJ,太阳山
1019,631,HEK,海阳北
1020,631,HYK,徐家店
1021,631,KYK,海阳
1022,632,HEQ,衡山西
1023,632,HSQ,衡山
1024,633,HEY,宏庆
1025,634,HFG,横峰
1026,635,HFJ,河东机场
1027,635,LNJ,灵武
1028,635,NOJ,宁东
1029,635,UWJ,灵武北
1030,635,YIJ,银川
1031,636,HFO,海晏
1032,637,HFR,霍尔果斯
1033,638,HFV,怀仁东
1034,638,HRV,怀仁
1035,639,HFZ,环江
1036,640,HGA,惠来
1037,640,JUA,揭阳机场
1038,640,JYA,揭阳
1039,641,HGB,鹤岗
1040,642,HGC,化德
1041,643,HGE,黄胜关
1042,644,HGH,杭州东
1043,644,HVU,杭州西
1044,644,HZH,杭州
1045,644,XHH,杭州南
1046,645,HGJ,黄羊滩
1047,646,HGZ,横州
1048,647,HHA,汉寿
1049,647,VSQ,汉寿南
1050,648,HHB,浩良河
1051,649,HHC,呼和浩特
1052,649,NDC,呼和浩特东
1053,650,HHM,红河
1054,650,MZM,蒙自
1055,651,HHQ,怀化
1056,651,KAQ,怀化南
1057,652,HIE,黄龙九寨
1058,652,SOE,松潘
1059,653,HIH,海安
1060,654,HIK,菏泽
1061,654,KDK,菏泽东
1062,655,HIT,哈拉海
1063,656,HIZ,河池西
1064,657,HJA,厚街
1065,658,HJB,黑河
1066,659,HJF,获嘉
1067,660,HJJ,贺家店
1068,661,HJS,涵江
1069,661,PTS,莆田
1070,661,XWS,仙游
1071,662,HJV,河津
1072,663,HKB,寒葱沟
1073,664,HKE,淮口南
1074,665,HKG,湖口
1075,666,HKN,汉口
1076,666,LFN,武汉东
1077,666,NAI,汉口
1078,666,NDI,武汉东
1079,666,NEI,武昌
1080,666,WCN,武昌
1081,666,WHN,武汉
1082,667,HKU,湖州东
1083,667,KIU,湖州南浔
1084,667,VZH,湖州
1085,668,HLA,和乐
1086,668,SRQ,神州
1087,668,WNQ,万宁
1088,669,HLB,海伦
1089,670,HLD,葫芦岛
1090,670,HPD,葫芦岛北
1091,671,HMA,洪梅
1092,672,HMB,鹤北
1093,673,HMJ,惠农
1094,673,KNJ,惠农南
1095,674,HMQ,海口东
1096,674,KEQ,海口东
1097,674,MHQ,美兰
1098,674,VUQ,海口
1099,675,HMR,哈密
1100,676,HMU,海门
1101,677,HMV,侯马
1102,677,HPV,侯马西
1103,678,HMY,神木
1104,678,OMV,神木北
1105,678,OUY,神木西
1106,679,HNB,桦南
1107,679,KNB,桦南东
1108,680,HNE,花溪南
1109,681,HNS,惠安
1110,682,HOB,鹤立
1111,683,HOG,南昌南
1112,683,NCG,南昌
1113,683,NOG,南昌
1114,683,NUG,南昌东
1115,683,NXG,南昌西
1116,684,HOT,黑水
1117,685,HOY,汉中
1118,685,ZIY,治江
1119,686,HPA,和平北
1120,687,HPB,洪河
1121,688,HPN,华容东
1122,689,HQA,横琴
1123,690,HQB,黑台
1124,691,HQM,鹤庆
1125,692,HQT,黑山北
1126,693,HQY,汉阴
1127,694,HRB,海林
1128,694,KBX,海林北
1129,695,HRH,淮北
1130,695,PLH,淮北北
1131,696,HRX,海拉尔
1132,697,HSO,海石湾
1133,698,HSP,衡水
1134,698,IHP,衡水北
1135,699,HSU,含山南
1136,700,HTJ,红岘台
1137,701,HTO,茫崖
1138,702,HTY,合阳北
1139,703,HUB,呼兰
1140,704,HUE,花溪西
1141,705,HUL,珲春
1142,706,HUN,花园
1143,707,HUU,壶镇
1144,708,HVF,淮阳南
1145,709,HVN,淮滨
1146,710,HVP,黑山寺
1147,711,HVQ,衡阳东
1148,711,HYQ,衡阳
1149,712,HVZ,合浦
1150,713,HWD,霍林郭勒
1151,713,ZHD,珠斯花
1152,714,HWF,滑浚
1153,715,HWK,黑旺
1154,716,HWU,黄山西
1155,716,NYH,黄山北
1156,717,HWV,霍州东
1157,717,HZV,霍州
1158,718,HXJ,韩府湾
1159,719,HXY,华州
1160,720,HXZ,贺州
1161,721,HYJ,黄羊镇
1162,722,HYT,花园口
1163,723,HYY,徽县
1164,724,HZA,花山镇
1165,725,HZZ,化州
1166,726,IAC,乌海
1167,726,VNC,乌海南
1168,726,WXC,乌海西
1169,727,IAW,大英东
1170,728,IBQ,北滘
1171,728,OJQ,顺德学院
1172,728,ORQ,顺德
1173,728,RUQ,容桂
1174,729,IDC,乌丹
1175,730,IDZ,隆安东
1176,731,IEP,唐海南
1177,732,IFH,无锡新区
1178,732,KYH,江阴
1179,732,VCH,惠山
1180,732,WGH,无锡东
1181,732,WXH,无锡
1182,733,IFQ,深圳坪山
1183,734,IGW,红光镇
1184,735,IHQ,翠亨
1185,735,NNQ,南朗
1186,735,NOQ,南头
1187,735,ZGQ,中山北
1188,735,ZSQ,中山
1189,736,IIH,无为
1190,737,IIQ,英德西
1191,737,YDQ,英德
1192,738,IKP,顺义西
1193,739,IKW,罗江东
1194,740,ILQ,乐昌东
1195,740,LCQ,乐昌
1196,741,IMP,怀柔南
1197,742,IMQ,光明城
1198,743,INH,全椒
1199,744,INJ,陇南
1200,745,INQ,韶山南
1201,746,INW,离堆公园
1202,747,IPQ,始兴
1203,748,IPV,原平西
1204,748,YPV,原平
1205,749,IPW,双流机场
1206,750,IQC,乌拉特前旗
1207,750,WQC,乌拉山西
1208,751,IQP,雄安
1209,752,IQV,阳曲西
1210,752,YQV,阳曲
1211,753,IRQ,丹霞山
1212,754,IRW,新津
1213,754,ITW,新津南
1214,755,IUW,眉山东
1215,755,MSW,眉山
1216,756,IVW,乐山
1217,757,IWP,大兴机场
1218,757,LXI,礼贤
1219,758,IXH,虞城县
1220,759,IXQ,云浮东
1221,760,IXV,忻州西
1222,760,XXV,忻州
1223,761,IYC,五原
1224,761,WYC,刘召
1225,762,IYH,池州
1226,763,IYP,承德县北
1227,764,IYQ,东城南
1228,765,IZJ,榆中
1229,766,IZP,太子城
1230,767,IZW,织金
1231,768,JAB,鸡西西
1232,768,JXB,鸡西
1233,769,JAC,集宁南
1234,769,WPC,乌兰察布
1235,770,JAD,建平
1236,771,JAE,江津北
1237,772,JAJ,泾川
1238,773,JBD,金宝屯
1239,774,JBE,江油北
1240,774,JFW,江油
1241,775,JBH,金华
1242,775,RNH,金华南
1243,776,JBJ,嘉峪关南
1244,776,JGJ,嘉峪关
1245,777,JBN,荆州
1246,778,JCF,晋城
1247,778,JGF,晋城东
1248,779,JCJ,金昌
1249,780,JCN,京山
1250,780,MIN,京山南
1251,781,JCS,建宁县北
1252,782,JDA,吉首东
1253,782,JIQ,吉首
1254,783,JDG,景德镇北
1255,784,JDL,江源东
1256,785,JDV,介休东
1257,785,JXV,介休
1258,786,JEJ,山丹马场
1259,786,SDJ,山丹
1260,786,ZEJ,张掖西
1261,786,ZYJ,张掖
1262,787,JEP,景州
1263,788,JEQ,靖州
1264,789,JES,角美
1265,790,JEY,锦界
1266,791,JFP,井店
1267,792,JFT,锦州北
1268,792,JOD,锦州南
1269,792,JZD,锦州
1270,793,JGA,江高
1271,794,JGC,碱柜
1272,795,JGG,井冈山
1273,795,LAG,龙市
1274,796,JGX,加格达奇
1275,797,JHE,金口河南
1276,798,JHG,进贤北
1277,798,JUG,进贤
1278,798,JXG,进贤南
1279,799,JHP,静海
1280,800,JHR,精河
1281,800,JIR,精河南
1282,801,JHX,金河
1283,802,JHZ,江华
1284,803,JIB,建三江
1285,804,JIF,焦作西
1286,804,JOF,焦作
1287,805,JIG,吉安西
1288,805,VAG,吉安
1289,806,JIK,济宁
1290,806,MIK,济宁北
1291,806,MNK,济宁东
1292,806,YZK,兖州
1293,807,JIO,加查
1294,808,JIP,蓟州
1295,808,JKP,蓟州北
1296,809,JIY,靖边
1297,810,JJG,九江
1298,810,LSG,庐山
1299,811,JJH,江宁
1300,812,JJM,个旧
1301,813,JJS,晋江
1302,814,JKK,莒县
1303,815,JKU,界首南
1304,816,JLF,贾鲁河
1305,817,JLJ,芨岭
1306,818,JLL,吉林
1307,819,JLS,将乐
1308,820,JMB,佳木斯
1309,821,JME,剑门关
1310,822,JMN,荆门
1311,822,MXN,荆门西
1312,823,JMZ,靖西
1313,824,JNE,金阳南
1314,825,JNL,九台南
1315,825,JTL,九台
1316,826,JNV,交城
1317,827,JOB,鸡东
1318,828,JOK,莒南
1319,828,VNK,莒南北
1320,829,JOL,蛟河西
1321,830,JOW,简阳南
1322,831,JPC,经棚
1323,832,JPQ,尖山
1324,833,JQA,建桥
1325,834,JQX,江桥
1326,835,JRN,建始
1327,836,JRU,句容
1328,836,JWH,句容西
1329,837,JSG,吉水西
1330,838,JSM,建水
1331,839,JSR,金山
1332,839,NTR,南屯
1333,840,JSU,九华山
1334,841,JTB,金山屯
1335,842,JTJ,景泰
1336,843,JTX,阿木尔
1337,844,JUH,江山
1338,845,JUK,嘉祥
1339,845,MXK,嘉祥北
1340,846,JUN,界首市
1341,847,JUS,建瓯西
1342,847,JVS,建瓯
1343,848,JVJ,镜铁山
1344,849,JVK,即墨北
1345,850,JVV,稷山
1346,851,JWE,犍为
1347,852,JWX,吉文
1348,853,JXF,郏县
1349,854,JXJ,靖远西
1350,855,JXK,胶州
1351,855,JZK,胶州北
1352,856,JXP,晋州
1353,857,JYE,金阳
1354,858,JYF,济源
1355,859,JYH,缙云
1356,859,PYH,缙云西
1357,860,JYK,巨野
1358,860,MYK,巨野北
1359,861,JYN,太和北
1360,862,JYS,建阳
1361,862,NOS,南平市
1362,862,WAS,武夷山
1363,862,WBS,武夷山北
1364,863,JYZ,江永
1365,864,JZE,金华镇
1366,865,JZH,金寨
1367,866,JZS,建瓯东
1368,867,JZT,金州
1369,868,JZV,晋中
1370,868,YCV,榆次
1371,869,JZY,绛帐
1372,870,KAB,奎山
1373,871,KAM,昆阳
1374,872,KAN,黄冈东
1375,872,KXN,黄冈西
1376,873,KAW,开江南
1377,874,KBF,开封北
1378,874,KFF,开封
1379,874,SFF,宋城路
1380,874,YEF,运粮河
1381,875,KBJ,惠安堡
1382,876,KBK,灰埠
1383,876,PAK,平度西
1384,876,PNK,平度
1385,877,KBQ,沥林北
1386,878,KCN,潢川
1387,879,KCQ,芙蓉南
1388,880,KCR,库车
1389,881,KDX,库都尔
1390,882,KEA,科韵路
1391,883,KFQ,龙丰
1392,884,KFW,龙里北
1393,885,KGQ,临高南
1394,886,KHQ,惠环
1395,887,KHR,克拉玛依
1396,888,KHU,开化
1397,889,KHX,克一河
1398,890,KIQ,暮云
1399,891,KJB,康金井
1400,892,KJW,都匀东
1401,892,RYW,都匀
1402,893,KKQ,陈江南
1403,894,KKW,三都县
1404,895,KLC,开鲁
1405,896,KLD,库伦
1406,897,KLQ,黄流
1407,897,PFQ,尖峰
1408,897,UQQ,乐东
1409,898,KLR,库尔勒
1410,899,KLV,岢岚
1411,900,KLW,凯里
1412,900,QKW,凯里南
1413,901,KLY,黄陵
1414,901,VLY,黄陵南
1415,902,KMM,昆明
1416,902,KOM,昆明南
1417,903,KMQ,鲘门
1418,903,LAA,陆丰南
1419,903,LDA,陆丰东
1420,903,LLQ,陆丰
1421,903,OGQ,汕尾
1422,904,KNW,从江
1423,905,KOB,克东
1424,906,KOH,黄口
1425,907,KOP,崇礼
1426,908,KOQ,大朗镇
1427,909,KPQ,银瓶
1428,910,KQQ,田心东
1429,911,KRQ,大丰
1430,912,KRW,洛湾三江
1431,913,KSB,克山
1432,914,KSQ,狮山
1433,915,KSR,喀什
1434,916,KTQ,葵潭
1435,917,KTR,奎屯
1436,918,KTT,通榆
1437,919,KUM,开远南
1438,920,KUQ,松山湖北
1439,921,KVQ,株洲南
1440,922,KVW,开阳
1441,923,KWQ,昭山
1442,924,KXH,铜陵北
1443,924,TJH,铜陵
1444,925,KXJ,环县
1445,926,KXQ,荷塘
1446,927,KXT,开原西
1447,927,KYT,开原
1448,928,KXY,鄠邑
1449,929,KZK,日照西
1450,929,RZK,日照
1451,930,KZQ,云山
1452,931,KZT,喀左
1453,932,KZW,蓬溪
1454,933,LAB,拉林
1455,934,LAE,芦官
1456,935,LAF,鲁山
1457,936,LAP,良乡
1458,937,LAQ,涟源
1459,938,LAR,轮台
1460,939,LAS,龙山镇
1461,939,NJS,南靖
1462,940,LBA,龙山北
1463,941,LBE,冷坝
1464,942,LBF,灵宝
1465,942,LPF,灵宝西
1466,943,LBG,龙南东
1467,943,UNG,龙南
1468,944,LBI,廊坊北
1469,944,LFP,广阳
1470,944,LJP,廊坊
1471,945,LBK,莱西
1472,945,LXK,莱西南
1473,946,LBN,漯河西
1474,946,LON,漯河
1475,947,LCA,龙川西
1476,947,LUQ,龙川
1477,948,LCF,绿博园
1478,949,LCK,蓝村
1479,950,LCN,利川
1480,951,LCW,隆昌
1481,951,NWW,隆昌北
1482,952,LDE,六盘水东
1483,952,UMW,六盘水
1484,953,LDH,溧水
1485,954,LDJ,临泽南
1486,954,LEJ,临泽
1487,955,LDQ,娄底
1488,955,UOQ,娄底南
1489,956,LDY,两当
1490,957,LEA,乐同
1491,958,LEH,溧阳
1492,959,LEQ,澧县北
1493,960,LFA,来凤
1494,961,LFV,临汾
1495,961,LXV,临汾西
1496,962,LGB,拉古
1497,963,LGJ,龙沟
1498,964,LGK,陵城
1499,965,LGT,连山关
1500,966,LGY,礼泉
1501,966,UNY,礼泉南
1502,967,LHA,隆回
1503,968,LHM,丽江
1504,969,LHU,临海南
1505,969,UFH,临海
1506,970,LHV,吕梁
1507,971,LHX,拉哈
1508,972,LIJ,李家坪
1509,973,LIO,朗县
1510,974,LIQ,陵水
1511,975,LIU,涟水
1512,976,LJB,李家
1513,977,LJX,龙江
1514,978,LJZ,廉江
1515,979,LKB,林口
1516,979,LRB,林口南
1517,980,LKF,兰考
1518,980,LUF,兰考南
1519,981,LKG,乐平北
1520,982,LKS,连江
1521,983,LKT,牛河梁
1522,984,LKU,龙游北
1523,984,LMH,龙游
1524,984,LYU,龙游南
1525,985,LKV,柳林南
1526,986,LKZ,陆川
1527,987,LLB,兰棱
1528,988,LLG,醴陵
1529,988,UKQ,醴陵东
1530,989,LLH,南陵
1531,990,LMJ,洛门
1532,991,LMU,芦庙
1533,992,LNE,珞璜南
1534,993,LNF,临颍
1535,994,LNK,利津南
1536,995,LNL,柳河
1537,996,LNR,柳园南
1538,997,LOE,六枝南
1539,998,LOH,泾县
1540,999,LOU,临泉
1541,1000,LPE,梁平南
1542,1000,UQW,梁平
1543,1001,LPQ,耒阳西
1544,1001,LYQ,耒阳
1545,1002,LQL,临江
1546,1003,LQM,禄丰南
1547,1004,LQU,龙桥
1548,1005,LRC,林东
1549,1006,LRN,罗山
1550,1007,LRY,洛川北
1551,1007,LTY,洛川
1552,1008,LSB,梨树镇
1553,1009,LSE,娄山关南
1554,1010,LSO,拉萨
1555,1011,LSV,灵石
1556,1011,UDV,灵石东
1557,1012,LSZ,鹿寨北
1558,1013,LTP,芦台
1559,1014,LTQ,寮步
1560,1015,LTZ,黎塘
1561,1015,UKZ,宾阳
1562,1016,LUE,泸州
1563,1016,LXE,泸县
1564,1016,UDE,泸州东
1565,1016,WFI,泸州
1566,1017,LUK,临邑
1567,1018,LUU,庐江西
1568,1018,UJH,庐江
1569,1019,LUV,临县
1570,1020,LVB,龙塘镇
1571,1021,LVK,临沂
1572,1021,UMK,临沂北
1573,1021,UYK,临沂东
1574,1022,LVR,洛浦
1575,1023,LVS,罗源
1576,1024,LVT,刘家河
1577,1025,LVU,龙泉市
1578,1026,LVV,灵丘
1579,1027,LWH,兰溪
1580,1028,LWJ,绿化
1581,1029,LWK,莱芜东
1582,1030,LWQ,临澧西
1583,1031,LXB,朗乡
1584,1032,LXC,林西
1585,1033,LXJ,陇西
1586,1034,LXM,临沧
1587,1035,LXQ,临湘
1588,1036,LXU,郎溪南
1589,1037,LXX,林海
1590,1038,LXY,陇县
1591,1039,LYK,莱阳
1592,1039,VEK,莱阳南
1593,1040,LYL,辽源
1594,1041,LYP,涞源
1595,1042,LYT,辽阳
1596,1043,LYY,略阳
1597,1044,LZA,龙镇
1598,1045,LZD,辽中
1599,1046,LZE,阆中
1600,1047,LZO,林芝
1601,1048,LZU,兰溪东
1602,1049,LZZ,柳州
1603,1050,MAB,麻山
1604,1051,MAE,马鞍
1605,1052,MAH,马鞍山
1606,1052,OMH,马鞍山东
1607,1053,MAP,庙城
1608,1054,MAZ,马山县
1609,1055,MBJ,民乐
1610,1056,MBN,麻城北
1611,1056,MCN,麻城
1612,1057,MBS,闽清北
1613,1058,MBY,毛坝
1614,1059,MCF,渑池
1615,1059,MNF,渑池南
1616,1060,MCL,明城
1617,1061,MDB,牡丹江
1618,1062,MDE,米易东
1619,1062,MMW,米易
1620,1063,MDN,明港东
1621,1064,MDQ,茂名
1622,1064,MMZ,茂名西
1623,1064,MRQ,茂名南
1624,1064,NWQ,电白
1625,1064,PWQ,马踏
1626,1065,MDX,免渡河
1627,1066,MEB,美溪
1628,1067,MEY,米脂
1629,1068,MFQ,明珠
1630,1068,QXQ,前山
1631,1068,SAA,三灶东
1632,1068,ZHQ,珠海
1633,1068,ZJA,珠海机场
1634,1069,MFR,民丰
1635,1070,MGB,孟家岗
1636,1071,MGE,孟关
1637,1072,MGH,明光
1638,1072,MXU,明光西
1639,1073,MGY,毛坝关
1640,1074,MHL,梅河口
1641,1075,MHM,磨憨
1642,1076,MHX,满归
1643,1077,MIA,麻涌
1644,1078,MIF,民权北
1645,1078,MQF,民权
1646,1079,MIO,米林
1647,1080,MIR,米兰
1648,1081,MJM,墨江
1649,1082,MJN,闵集
1650,1083,MJP,安匠
1651,1084,MLB,穆棱
1652,1085,MLD,茂林
1653,1086,MLM,弥勒
1654,1087,MLQ,汨罗
1655,1087,MQQ,汨罗东
1656,1088,MLR,马兰
1657,1089,MLX,满洲里
1658,1090,MLY,麻柳
1659,1091,MNE,绵竹南
1660,1092,MOB,磨刀石
1661,1093,MOK,蒙山
1662,1093,PIK,平邑
1663,1094,MOS,明溪
1664,1095,MPH,泗阳
1665,1096,MRB,帽儿山
1666,1096,MUB,帽儿山西
1667,1097,MRX,莫尔道嘎
1668,1098,MSB,密山
1669,1099,MSE,名山
1670,1100,MSN,庙山
1671,1101,MSR,玛纳斯
1672,1102,MTQ,帽峰山
1673,1103,MUP,密云北
1674,1104,MUR,墨玉
1675,1105,MUT,明水河
1676,1106,MVQ,麻阳
1677,1106,MYA,麻阳西
1678,1107,MVX,漠河
1679,1108,MVY,勉县
1680,1109,MWM,勐腊
1681,1110,MXA,梅州西
1682,1111,MXE,茂县
1683,1112,MXJ,岷县
1684,1113,MYO,门源
1685,1114,MYP,密云
1686,1115,MYW,绵阳
1687,1116,MZF,孟庄
1688,1117,MZJ,庙庄
1689,1118,MZQ,松桃
1690,1119,NAE,南彭
1691,1120,NAF,南召
1692,1121,NAM,南华
1693,1122,NAQ,云东海
1694,1123,NAT,农安
1695,1124,NBE,南部
1696,1125,NBK,南博山
1697,1126,NCB,南岔
1698,1127,NCD,宁城
1699,1128,NCE,南充北
1700,1128,NCW,南充
1701,1129,NCK,南仇
1702,1130,NCQ,南雄
1703,1131,NDG,南城
1704,1132,NDN,南湖东
1705,1133,NDQ,南江口
1706,1134,NEE,南溪
1707,1134,NOE,南溪北
1708,1135,NEF,南曹
1709,1136,NEH,南翔北
1710,1137,NEM,宁洱
1711,1138,NEQ,南山北
1712,1139,NES,宁德
1713,1140,NFF,南阳
1714,1140,NOF,南阳东
1715,1141,NFG,南丰
1716,1142,NFQ,双峰北
1717,1143,NFT,南芬
1718,1143,NUT,南芬北
1719,1144,NFZ,南宁东
1720,1144,NNZ,南宁
1721,1144,NRZ,南宁北
1722,1144,NXZ,南宁西
1723,1144,WJZ,吴圩机场
1724,1145,NGH,宁波
1725,1145,XKU,溪口
1726,1145,ZQH,庄桥
1727,1146,NGQ,板塘
1728,1147,NGX,嫩江
1729,1148,NHA,牛车河
1730,1149,NHH,宁海
1731,1150,NHJ,南河川
1732,1151,NHS,宁化
1733,1152,NHX,讷河
1734,1153,NIE,泥溪
1735,1154,NIG,宁都
1736,1155,NIR,尼勒克
1737,1156,NIU,宁国南
1738,1157,NIW,遂宁
1739,1158,NJB,牛家
1740,1159,NJH,南京
1741,1159,NKH,南京南
1742,1159,XPH,仙林
1743,1160,NJU,楠溪江
1744,1160,RZH,温州
1745,1160,URH,温州北
1746,1160,VRH,温州南
1747,1161,NKQ,小金口
1748,1162,NLF,宁陵县
1749,1163,NLP,牛栏山
1750,1164,NMD,奈曼
1751,1165,NMZ,宁明
1752,1165,NQZ,宁明东
1753,1166,NOY,宁强南
1754,1166,NQY,宁强
1755,1166,YAY,阳平关
1756,1166,YZY,燕子砭
1757,1167,NPH,歙县北
1758,1168,NQJ,暖泉
1759,1169,NQQ,先锋
1760,1170,NRH,绩溪北
1761,1171,NSH,旌德
1762,1172,NSQ,狮山北
1763,1173,NUE,南川北
1764,1173,SVE,水江西
1765,1174,NUF,内黄
1766,1175,NUH,南通
1767,1175,NXU,南通西
1768,1176,NUQ,新塘南
1769,1177,NUS,南安北
1770,1178,NUW,营山
1771,1179,NVQ,鼎湖山
1772,1180,NWF,南乐
1773,1181,NWV,宁武
1774,1182,NXA,宁乡西
1775,1182,NXQ,宁乡
1776,1183,NXF,内乡
1777,1184,NYE,纳雍
1778,1185,NZN,南漳
1779,1186,NZT,南杂木
1780,1187,NZX,碾子山
1781,1188,OAH,宿松
1782,1188,SSU,宿松东
1783,1189,OBJ,石坝
1784,1190,OBP,上板城南
1785,1190,SBP,上板城
1786,1191,OCH,舒城
1787,1191,SDU,舒城东
1788,1192,ODP,三家店
1789,1193,ODU,泗县东
1790,1194,ODY,绥德
1791,1195,OEJ,三营
1792,1196,OEP,涉县
1793,1197,OEY,商洛西
1794,1197,OLY,商洛
1795,1197,SBY,商洛北
1796,1198,OFB,双丰
1797,1199,OGC,桑根达来
1798,1200,OHD,四合永
1799,1201,OHR,双河市
1800,1202,OJB,沈家
1801,1203,OJJ,沈家河
1802,1204,OJN,沙洋西
1803,1205,OKB,宏克力
1804,1206,OKH,江宁西
1805,1207,OKJ,三关口
1806,1208,OKP,下花园北
1807,1209,OLB,胜利镇
1808,1210,OLH,乐清东
1809,1211,OLK,司家岭
1810,1212,OMP,什里店
1811,1213,ONK,泗水南
1812,1213,OSK,泗水
1813,1214,ONN,随州南
1814,1214,OVN,随县
1815,1214,SZN,随州
1816,1215,ONY,商南
1817,1216,OQH,三门县
1818,1217,OSW,石柱县
1819,1217,SZE,黄水
1820,1218,OUD,四道湾
1821,1219,OUN,十堰东
1822,1219,SNN,十堰
1823,1220,OVQ,邵阳北
1824,1220,SYQ,邵阳
1825,1221,OWH,当涂东
1826,1222,OXB,双鸭山西
1827,1223,OXH,宿州
1828,1223,SRH,宿州东
1829,1224,OXP,三河县
1830,1225,OYJ,水源
1831,1226,OYN,信阳东
1832,1226,XUN,信阳
1833,1227,OYP,水洋
1834,1228,OYT,双阳
1835,1229,OYV,山阴南
1836,1229,RYV,岱岳
1837,1229,SNV,山阴
1838,1230,OZB,尚志南
1839,1230,SZB,尚志
1840,1231,OZP,深州
1841,1232,OZV,朔州东
1842,1232,SUV,朔州
1843,1233,OZY,孙镇
1844,1234,PAD,平庄
1845,1235,PAE,盘州
1846,1236,PAJ,磐安镇
1847,1237,PAN,普安
1848,1238,PAU,磐安
1849,1239,PAW,蓬安
1850,1239,PXE,蓬安西
1851,1240,PAZ,平南南
1852,1241,PBD,盘锦北
1853,1241,PVD,盘锦
1854,1242,PBE,平坝南
1855,1243,PBG,萍乡北
1856,1243,PXG,萍乡
1857,1244,PBM,屏边
1858,1245,PBP,平泉北
1859,1246,PCE,平昌
1860,1247,PCW,郫县西
1861,1248,PDB,裴德
1862,1249,PDQ,唐家湾
1863,1250,PDV,平遥古城
1864,1250,PYV,平遥
1865,1251,PEE,彭水西
1866,1251,PHW,彭水
1867,1252,PEM,普洱
1868,1253,PEQ,普宁
1869,1254,PFB,平房
1870,1255,PGP,曹妃甸港
1871,1256,PGW,普定
1872,1257,PGZ,平果
1873,1258,PHP,徘徊北
1874,1259,PHQ,平湖
1875,1260,PIJ,平凉
1876,1260,POJ,平凉南
1877,1261,PIS,平潭
1878,1262,PIU,邳州东
1879,1263,PIZ,凭祥东
1880,1263,PXZ,凭祥
1881,1264,PJU,浦江
1882,1265,PKQ,安化
1883,1266,PLT,普兰店
1884,1266,PWT,金普
1885,1267,PNE,攀枝花南
1886,1268,PNS,屏南
1887,1269,PNU,磐安南
1888,1270,POD,泡子
1889,1271,POG,鄱阳
1890,1271,PYG,鄱阳北
1891,1272,POK,蓬莱
1892,1273,POP,曹妃甸东
1893,1274,POW,普雄
1894,1275,PPJ,平原堡
1895,1276,PPT,四平东
1896,1276,SPT,四平
1897,1277,PPW,彭山北
1898,1277,PSW,彭山
1899,1278,PQQ,双水镇
1900,1279,PRM,朋普
1901,1280,PRP,偏店
1902,1281,PSB,平山
1903,1282,PSE,屏山
1904,1283,PSL,磐石
1905,1284,PSQ,坪石
1906,1285,PSR,皮山
1907,1286,PSV,平社
1908,1287,PTQ,琶洲
1909,1288,PUE,普安县
1910,1289,PUF,濮阳东
1911,1290,PUH,繁昌西
1912,1291,PUK,平原东
1913,1291,PYK,平原
1914,1292,PUM,蒲缥
1915,1293,PUQ,台山
1916,1294,PUT,皮口
1917,1295,PVQ,开平南
1918,1296,PVT,平台
1919,1297,PWV,平旺
1920,1298,PWW,郫县
1921,1299,PXJ,坡底下
1922,1300,PXQ,恩平
1923,1301,PXT,铁岭西
1924,1301,TLT,铁岭
1925,1302,PXV,蒲县
1926,1303,PYJ,彭阳
1927,1304,PYQ,金月湾
1928,1304,UFQ,东方
1929,1305,PYW,安靖
1930,1306,PYX,平洋
1931,1307,PZG,彭泽
1932,1308,PZM,普者黑
1933,1309,QAB,庆安
1934,1310,QAK,曲阜东
1935,1310,QFK,曲阜
1936,1310,QQK,曲阜南
1937,1311,QBD,清河门北
1938,1312,QBM,曲靖北
1939,1312,QJM,曲靖
1940,1313,QBP,东花园北
1941,1314,QBQ,清远
1942,1314,QCA,清城
1943,1314,YTQ,源潭
1944,1315,QBT,祁家堡
1945,1316,QBY,乾县
1946,1317,QCE,青川
1947,1318,QCN,蕲春南
1948,1318,QRN,蕲春
1949,1319,QDE,綦江东
1950,1320,QDU,千岛湖
1951,1321,QDZ,钦州东
1952,1322,QEB,前进镇
1953,1323,QEH,衢州
1954,1323,QXU,衢州西
1955,1324,QEJ,清水北
1956,1324,QUJ,清水
1957,1325,QEP,乔庄东
1958,1326,QET,青堆
1959,1327,QEW,青莲
1960,1328,QFB,前锋
1961,1329,QFW,青白江东
1962,1330,QGJ,秦安
1963,1331,QGS,泉港
1964,1332,QGV,祁县东
1965,1332,QXV,祁县
1966,1333,QHJ,庆城
1967,1334,QHW,三穗
1968,1335,QHX,齐齐哈尔
1969,1335,QNB,齐齐哈尔南
1970,1336,QIB,青龙
1971,1337,QIK,齐河
1972,1338,QIM,曲江
1973,1339,QJJ,曲子
1974,1340,QJN,潜江
1975,1341,QLE,邛崃
1976,1342,QLS,清流
1977,1343,QLY,秦岭
1978,1344,QMQ,祁东
1979,1345,QMR,且末
1980,1346,QNS,泉州南
1981,1346,QRS,泉州东
1982,1346,QYS,泉州
1983,1347,QNU,祁门南
1984,1348,QNW,黔江
1985,1349,QNY,清涧县
1986,1350,QNZ,全州南
1987,1351,QOJ,庆阳
1988,1352,QOK,青州市北
1989,1352,QZK,青州市
1990,1353,QOU,启东
1991,1354,QOY,千阳
1992,1355,QQP,迁安
1993,1356,QRW,渠县
1994,1356,TSW,土溪
1995,1357,QSL,图们北
1996,1358,QSN,确山
1997,1359,QSQ,南沙北
1998,1360,QSU,潜山
1999,1360,QWH,天柱山
2000,1361,QSW,青城山
2001,1362,QTB,七台河
2002,1362,QXB,七台河西
2003,1363,QTJ,青铜峡
2004,1364,QTP,秦皇岛
2005,1365,QUE,清镇西
2006,1366,QUH,永康南
2007,1367,QUY,千河
2008,1368,QVH,青田
2009,1369,QVV,沁县
2010,1370,QVW,青神
2011,1371,QWP,前苇塘
2012,1372,QWQ,祁阳
2013,1373,QXC,旗下营
2014,1374,QXE,黔西
2015,1375,QXP,青县
2016,1376,QYJ,七营
2017,1377,QYP,清河城
2018,1378,QYT,清原
2019,1379,QYU,庆元
2020,1380,QZQ,棋子湾
2021,1381,QZV,秦家庄
2022,1382,RAH,瑞安
2023,1383,RAT,大安
2024,1384,RBH,如皋
2025,1384,RNU,如皋南
2026,1385,RBT,到保
2027,1386,RBZ,德保
2028,1387,RCG,瑞昌
2029,1387,RXG,瑞昌西
2030,1388,RCK,荣成
2031,1389,RDQ,铜仁
2032,1390,RDT,德伯斯
2033,1391,RDX,二道湾
2034,1392,REK,乳山南
2035,1392,ROK,乳山
2036,1393,RGH,永城北
2037,1394,RGT,东港北
2038,1395,RGW,大关
2039,1396,RHQ,大石东
2040,1397,RIZ,东兴市
2041,1398,RJG,瑞金
2042,1399,RKO,日喀则
2043,1400,RLC,二连
2044,1401,RMT,大孤山
2045,1402,RNQ,三水南
2046,1403,ROF,汝州
2047,1404,ROP,豆庄
2048,1405,RQJ,汝箕沟
2049,1406,RQP,任丘
2050,1407,RQR,若羌
2051,1407,WHR,瓦石峡
2052,1408,RQW,荣昌北
2053,1409,RRQ,道滘
2054,1410,RUZ,都安
2055,1411,RVD,东来
2056,1412,RVH,芜湖南
2057,1412,WBU,芜湖北
2058,1412,WHH,芜湖
2059,1413,RVP,饶阳
2060,1414,RVW,榕江
2061,1415,RWQ,岳阳南
2062,1416,RXW,达州
2063,1417,RXZ,容县
2064,1418,RYH,武义
2065,1418,WDH,武义北
2066,1419,RYJ,二营
2067,1420,RZT,大石寨
2068,1421,SAO,山南
2069,1422,SAU,射阳
2070,1423,SAY,三原
2071,1424,SBB,双城北
2072,1424,SCB,双城堡
2073,1425,SBN,山坡东
2074,1426,SBT,沈阳北
2075,1426,SOT,沈阳南
2076,1426,SYT,沈阳
2077,1426,TAI,沈阳北
2078,1427,SBZ,双牌
2079,1428,SCE,三岔湖
2080,1429,SCF,三门峡南
2081,1429,SMF,三门峡
2082,1429,SXF,三门峡西
2083,1430,SCL,山城镇
2084,1431,SCP,沙城
2085,1431,VQP,怀来
2086,1432,SCR,莎车
2087,1433,SCU,遂昌
2088,1434,SDG,石城东
2089,1435,SEU,嵊州北
2090,1436,SEV,神头
2091,1437,SFB,绥芬河
2092,1438,SFE,什邡西
2093,1439,SFJ,沙坡头
2094,1440,SFX,三间房
2095,1441,SGQ,韶关东
2096,1441,SNQ,韶关
2097,1442,SHB,绥化
2098,1443,SHC,赛汗塔拉
2099,1444,SHD,山海关
2100,1445,SHQ,深井
2101,1446,SHS,三明北
2102,1446,SRS,三元西
2103,1446,SVS,三明
2104,1447,SHY,蜀河
2105,1448,SIA,十字门
2106,1449,SIB,绥棱
2107,1450,SIF,商丘东
2108,1450,SPF,商丘南
2109,1450,SQF,商丘
2110,1451,SIN,松滋西
2111,1452,SIS,松溪
2112,1453,SJJ,邵家堂
2113,1454,SJL,长白山西
2114,1455,SKB,孙吴
2115,1456,SKD,三江口
2116,1457,SKF,沈丘北
2117,1457,SQN,沈丘
2118,1458,SKU,嵊州新昌
2119,1459,SLA,狮岭
2120,1460,SLC,萨拉齐
2121,1461,SLH,绍兴北
2122,1461,SOH,绍兴
2123,1462,SLL,舒兰
2124,1463,SML,双吉
2125,1464,SMN,神农架
2126,1465,SMR,鄯善北
2127,1465,THR,吐哈
2128,1466,SMV,神池
2129,1467,SND,绥中北
2130,1467,SZD,绥中
2131,1468,SNE,双龙南
2132,1469,SNK,莘县
2133,1470,SNS,上杭
2134,1470,STS,古田会址
2135,1471,SNT,索伦
2136,1472,SNU,睢宁
2137,1473,SNZ,兴业
2138,1473,XKZ,兴业南
2139,1474,SOA,畲江北
2140,1475,SOB,宋
2141,1476,SOK,商河北
2142,1477,SON,遂平
2143,1478,SOP,顺义
2144,1479,SOU,寿县
2145,1480,SPJ,上腰墩
2146,1481,SQB,山市
2147,1482,SQH,水家湖
2148,1483,SQS,双洋
2149,1484,SQT,石桥子
2150,1485,SRA,神山
2151,1486,SRB,石人城
2152,1487,SRG,上饶
2153,1488,SRO,桑日
2154,1489,SSS,水茜
2155,1490,SSX,九三
2156,1491,STB,四方台
2157,1492,STE,石梯
2158,1493,STV,石楼县
2159,1494,SUB,孙家
2160,1495,SUU,松阳
2161,1496,SVA,顺德北
2162,1497,SVK,上高镇
2163,1498,SVM,嵩明
2164,1499,SVU,上虞南
2165,1500,SWB,神树
2166,1501,SWE,沙湾南
2167,1502,SWN,商城
2168,1503,SWZ,三江南
2169,1504,SXA,邵阳西
2170,1505,SXC,商都
2171,1506,SXR,沙湾市
2172,1507,SXT,苏家屯
2173,1508,SXY,石泉县
2174,1509,SXZ,遂溪
2175,1510,SYB,绥阳
2176,1511,SYJ,三阳川
2177,1512,SYL,三源浦
2178,1513,SYM,石林西
2179,1514,SYP,肃宁
2180,1515,SYU,三阳
2181,1516,SZA,桑植
2182,1517,SZR,石河子
2183,1518,TAB,桃山
2184,1519,TAJ,通安驿
2185,1520,TAK,泰山
2186,1520,TMK,泰安
2187,1521,TAM,通海
2188,1522,TAP,通州西
2189,1523,TAR,吐鲁番北
2190,1524,TAU,太湖南
2191,1524,TKH,太湖
2192,1525,TAZ,藤县
2193,1526,TBB,通北
2194,1527,TBE,桐梓北
2195,1527,TDE,桐梓东
2196,1528,TBF,桐柏
2197,1529,TBU,桐庐东
2198,1529,TLU,桐庐
2199,1530,TBY,铜川
2200,1530,TDY,铜川北
2201,1530,YOY,耀州
2202,1531,TBZ,田东北
2203,1532,TCH,桐乡
2204,1533,TCJ,土门子
2205,1534,TCK,桃村
2206,1534,TOK,桃村北
2207,1535,TCX,汤池
2208,1536,TDU,太和东
2209,1537,TEK,滕州东
2210,1537,TXK,滕州
2211,1538,TEU,台州
2212,1538,TZH,台州西
2213,1539,TEV,太谷东
2214,1539,TGV,太谷
2215,1539,TIV,太谷西
2216,1540,TEW,桐子林
2217,1541,TEX,图里河
2218,1542,TGC,土贵乌拉
2219,1543,TGY,潼关
2220,1544,THA,天涯海角
2221,1545,THB,汤旺河
2222,1546,THF,唐河
2223,1547,THG,泰和
2224,1548,THL,通化
2225,1549,THN,汤逊湖
2226,1550,THX,塔哈
2227,1551,TID,台安
2228,1552,TIE,天府机场
2229,1553,TIJ,天水南
2230,1553,TSJ,天水
2231,1553,WNJ,渭南镇
2232,1553,XZJ,新阳镇
2233,1554,TIT,太平川
2234,1555,TIU,天台山
2235,1556,TIX,团结
2236,1557,TJB,同江
2237,1558,TJN,天河机场
2238,1559,TKN,天门
2239,1559,TMN,天门北
2240,1559,TNN,天门南
2241,1560,TKX,杜尔伯特
2242,1561,TLB,铁力
2243,1562,TLD,通辽
2244,1563,TLP,南堡北
2245,1564,TLX,泰来
2246,1565,TMD,吐列毛杜
2247,1566,TMR,图木舒克
2248,1567,TNS,泰宁
2249,1568,TNV,太原南
2250,1568,TYV,太原
2251,1569,TNW,铜仁南
2252,1569,YZW,玉屏
2253,1570,TOP,中仓
2254,1571,TOU,桐城东
2255,1571,TTH,桐城
2256,1572,TPT,陶赖昭
2257,1573,TQJ,土桥子
2258,1574,TQT,太阳升
2259,1575,TQX,图强
2260,1576,TRC,土牧尔台
2261,1577,TRQ,通道
2262,1578,TRZ,田阳
2263,1579,TST,通远堡西
2264,1579,TYT,通远堡
2265,1580,TTE,天河潭
2266,1581,TTK,台前
2267,1582,TUJ,甜水堡
2268,1583,TUU,桐城南
2269,1584,TVC,托克托东
2270,1585,TVT,洮南
2271,1586,TVW,潼南
2272,1587,TWJ,通渭
2273,1588,TXJ,同心
2274,1589,TXL,通化县
2275,1590,TXX,塔河
2276,1591,TYA,桃源
2277,1592,TYB,汤原
2278,1593,TYF,汤阴
2279,1594,TZK,郯城
2280,1595,TZR,塔城
2281,1596,TZV,天镇
2282,1597,UAH,六安
2283,1598,UAP,卢龙
2284,1599,UAQ,雷州
2285,1600,UBE,荔波
2286,1601,UBZ,来宾
2287,1601,UCZ,来宾北
2288,1602,UCK,聊城
2289,1602,VXK,聊城西
2290,1603,UCP,黎城
2291,1604,UDH,江都
2292,1604,YDU,扬州东
2293,1604,YLH,扬州
2294,1605,UDP,滦河
2295,1605,UXP,滦县
2296,1606,UDQ,冷水江东
2297,1607,UEH,姜堰
2298,1607,UTH,泰州
2299,1608,UEK,临淄北
2300,1609,UGQ,龙洞
2301,1610,UGW,冕宁
2302,1611,UHP,隆化
2303,1612,UIH,连云港
2304,1612,UKH,连云港东
2305,1613,UJL,龙嘉
2306,1614,UJT,两家
2307,1615,UKK,龙口市
2308,1616,ULK,蔺家楼
2309,1617,UNN,咸宁南
2310,1617,XNN,咸宁
2311,1617,XRN,咸宁北
2312,1618,UNT,凌海南
2313,1619,UPH,乐清
2314,1620,UPJ,六盘山
2315,1621,UPK,厉家寨
2316,1622,UPP,滦平
2317,1623,UQJ,龙泉寺
2318,1624,UQK,临清
2319,1625,USH,丽水
2320,1626,UTP,潞城
2321,1627,UTW,夹江
2322,1628,UUH,徐州东
2323,1628,XCH,徐州
2324,1629,UUP,临城
2325,1630,UWK,岚山西
2326,1631,UWQ,鼎湖东
2327,1632,UWZ,零陵
2328,1633,VAT,查干湖
2329,1634,VAW,麻尾
2330,1635,VBM,磨丁
2331,1636,VDK,招远
2332,1637,VET,辽宁朝阳
2333,1638,VFM,孟赛
2334,1639,VFQ,石门县北
2335,1640,VGQ,常德
2336,1641,VHB,红兴隆
2337,1642,VHH,温岭
2338,1643,VHK,历城
2339,1644,VIH,新沂
2340,1644,XYU,新沂南
2341,1645,VIK,莱芜北
2342,1646,VIX,红彦
2343,1647,VJD,纪家沟
2344,1648,VJM,琅勃拉邦
2345,1649,VJP,宣化北
2346,1649,XHP,宣化
2347,1650,VJW,广安
2348,1650,VUW,广安南
2349,1651,VKN,钟祥南
2350,1651,ZTN,钟祥
2351,1652,VLB,虎林
2352,1653,VLJ,李旺
2353,1654,VLP,八达岭长城
2354,1655,VMW,福泉
2355,1656,VNJ,中宁
2356,1656,ZDJ,中宁东
2357,1657,VNN,浠水南
2358,1657,XZN,浠水
2359,1658,VOM,万荣
2360,1659,VON,黄州
2361,1660,VOP,沙河市
2362,1661,VPK,莱州
2363,1662,VQK,章丘南
2364,1662,ZTK,章丘
2365,1662,ZVK,章丘北
2366,1663,VSB,红山
2367,1664,VSJ,红砂岘
2368,1665,VTB,换新天
2369,1666,VTJ,呼鲁斯太
2370,1667,VTK,桓台
2371,1668,VTN,仙桃
2372,1668,XAN,仙桃西
2373,1669,VTQ,会同
2374,1670,VTR,和田
2375,1671,VUR,和硕
2376,1672,VWW,高兴
2377,1673,VXB,红星
2378,1674,VXD,八仙筒
2379,1675,VYT,松原
2380,1676,VZK,范镇
2381,1677,VZZ,龙州
2382,1678,WAG,万安县
2383,1679,WAH,瓦屋山
2384,1680,WAP,武安
2385,1681,WAQ,吴川
2386,1682,WAR,乌鲁木齐
2387,1682,WMR,乌鲁木齐南
2388,1683,WBA,湾仔北
2389,1684,WBK,文登
2390,1684,WGK,文登东
2391,1684,WWK,文登南
2392,1685,WBT,五龙背
2393,1685,WMT,五龙背东
2394,1686,WBW,草海
2395,1687,WBY,渭南北
2396,1687,WNY,渭南
2397,1687,WXY,渭南西
2398,1688,WBZ,梧州南
2399,1688,WZZ,梧州
2400,1689,WCB,五常
2401,1690,WCJ,吴家川
2402,1691,WCT,五叉沟
2403,1692,WDQ,西湖东
2404,1693,WDT,瓦房店
2405,1693,WXT,瓦房店西
2406,1694,WEJ,渭源
2407,1695,WEQ,文昌
2408,1696,WET,五女山
2409,1697,WEV,文水
2410,1698,WFB,万发屯
2411,1699,WFG,五府山
2412,1700,WFK,潍坊
2413,1700,WJK,潍坊北
2414,1701,WGB,王岗
2415,1702,WGC,乌审旗
2416,1703,WGY,武功
2417,1704,WHA,五华
2418,1704,XNA,兴宁南
2419,1705,WHB,苇河
2420,1705,WIB,苇河西
2421,1706,WHF,卫辉
2422,1706,WVF,卫辉南
2423,1707,WHK,威海北
2424,1707,WKK,威海
2425,1707,WRK,威海南海
2426,1708,WHU,五河
2427,1709,WHW,汉源
2428,1710,WHX,乌尔旗汗
2429,1711,WIF,武陟
2430,1712,WIO,乌兰
2431,1713,WJE,温江
2432,1714,WJN,武穴北
2433,1714,WXN,武穴
2434,1715,WJP,午汲
2435,1716,WKT,五棵树
2436,1717,WKW,合川
2437,1718,WLE,武隆南
2438,1718,WLW,武隆
2439,1719,WLK,五莲
2440,1720,WLQ,阳东
2441,1720,WMQ,阳西
2442,1720,WRQ,阳江
2443,1720,YLQ,阳江北
2444,1721,WMW,永川东
2445,1721,YNE,永川南
2446,1722,WNA,望牛墩
2447,1723,WNU,湾沚南
2448,1724,WNZ,文地
2449,1725,WOE,巫山
2450,1726,WOM,巍山
2451,1727,WOV,闻喜西
2452,1727,WXV,闻喜
2453,1728,WPB,乌伊岭
2454,1729,WPS,武平
2455,1730,WQB,倭肯
2456,1731,WQP,微子镇
2457,1732,WRB,五大连池
2458,1733,WRR,尉犁
2459,1734,WRX,乌奴耳
2460,1735,WSE,武胜
2461,1736,WSJ,武山
2462,1737,WSR,乌苏
2463,1738,WSV,五台山北
2464,1739,WUB,五家
2465,1740,WUP,吴桥
2466,1741,WUT,王府
2467,1742,WUV,武乡
2468,1742,WVV,武乡东
2469,1743,WUY,吴堡
2470,1744,WVB,卫星
2471,1745,WVJ,吴忠
2472,1746,WVX,瓦拉干
2473,1747,WWB,五营
2474,1748,WWN,武当山西
2475,1749,WWQ,大旺
2476,1750,WWT,乌兰浩特
2477,1751,WWU,无为南
2478,1752,WXE,威信
2479,1753,WYE,威远
2480,1754,WYG,婺源
2481,1755,WYW,万州
2482,1755,WZE,万州北
2483,1756,WYY,万源
2484,1757,WZJ,王团庄
2485,1758,WZQ,端州
2486,1759,WZV,五寨
2487,1760,WZW,资中北
2488,1760,ZZE,资中西
2489,1761,WZY,韦庄
2490,1762,XAE,兴文南
2491,1763,XAF,新安县
2492,1764,XAR,铁门关
2493,1765,XAT,下马塘
2494,1766,XBD,新宾
2495,1767,XBG,新余北
2496,1767,XUG,新余
2497,1768,XBH,利辛西
2498,1769,XBU,新昌北
2499,1770,XBY,旬阳北
2500,1770,XUY,旬阳
2501,1771,XCB,下城子
2502,1772,XCD,兴城
2503,1772,XXD,兴城西
2504,1773,XDA,西渡
2505,1774,XDB,向阳
2506,1775,XDT,杏树屯
2507,1776,XDZ,兴安北
2508,1777,XEE,叙永北
2509,1778,XEG,会昌北
2510,1779,XFA,咸丰
2511,1780,XFT,西丰
2512,1781,XFV,襄汾
2513,1781,XTV,襄汾西
2514,1782,XFW,息烽
2515,1783,XGV,轩岗
2516,1784,XHI,香河
2517,1785,XHY,宣汉
2518,1786,XIF,西峡
2519,1787,XIJ,西固
2520,1788,XIR,新和
2521,1789,XJA,香港西九龙
2522,1790,XJQ,徐闻
2523,1791,XJU,仙居
2524,1792,XJV,新绛
2525,1793,XLD,新立屯
2526,1794,XLJ,新李
2527,1795,XMB,西麻山
2528,1796,XMD,新民
2529,1796,XOT,新民北
2530,1797,XMP,西大庙
2531,1798,XNB,香兰
2532,1799,XNE,兴文
2533,1800,XNM,小湾东
2534,1801,XNU,仙居南
2535,1802,XOS,霞浦
2536,1803,XPN,西平
2537,1804,XPQ,新兴南
2538,1805,XPX,新林
2539,1806,XPY,兴平
2540,1807,XQB,新青
2541,1808,XQD,新邱
2542,1809,XQJ,兴泉堡
2543,1810,XQM,祥云
2544,1811,XQY,西乡
2545,1812,XRD,西哲里木
2546,1813,XRP,悬钟
2547,1814,XRX,新绰源
2548,1815,XSJ,许三湾
2549,1816,XSN,新县
2550,1817,XSP,徐水
2551,1818,XST,小市
2552,1819,XSU,响水县
2553,1820,XSV,下社
2554,1821,XTC,锡林浩特
2555,1822,XTG,向塘
2556,1823,XTJ,许家台
2557,1824,XUJ,西固城
2558,1825,XVE,兴义南
2559,1826,XWE,修文县
2560,1827,XWJ,宣和
2561,1828,XWM,宣威
2562,1829,XXQ,湘乡
2563,1830,XYA,秀英
2564,1831,XYB,西林
2565,1832,XYK,雪野
2566,1833,XYX,小扬气
2567,1834,XZB,兴隆镇
2568,1835,XZC,西小召
2569,1836,XZK,夏格庄
2570,1837,XZT,新肇
2571,1838,YAE,雅安
2572,1839,YAG,炎陵
2573,1840,YAJ,园墩
2574,1841,YAX,依安
2575,1842,YBB,亚布力
2576,1842,YSB,亚布力西
2577,1843,YBE,盐边
2578,1844,YBF,月山
2579,1845,YBQ,阳春东
2580,1846,YBS,云霄
2581,1847,YBU,颍上北
2582,1847,YVH,颍上
2583,1848,YBZ,永福南
2584,1849,YCB,伊春
2585,1850,YCE,仪陇
2586,1851,YCH,叶集
2587,1852,YCK,禹城
2588,1852,YSK,禹城东
2589,1853,YCZ,阳朔
2590,1854,YDG,于都
2591,1854,YYG,于都北
2592,1855,YDI,永清东
2593,1856,YEB,依兰
2594,1857,YED,敖汉
2595,1858,YEG,宜春
2596,1859,YEK,晏城
2597,1860,YER,叶城
2598,1861,YEX,伊图里河
2599,1862,YEY,杨陵南
2600,1862,YSY,杨陵
2601,1863,YFG,余干
2602,1864,YFR,玉泉镇
2603,1865,YFW,迎宾路
2604,1866,YGG,玉山南
2605,1866,YNG,玉山
2606,1867,YGH,雁荡山
2607,1868,YGR,鱼儿沟
2608,1869,YGT,营口东
2609,1869,YKT,营口
2610,1870,YHA,燕湖
2611,1871,YHG,余江
2612,1872,YHN,应城
2613,1873,YIE,越西
2614,1874,YIF,鄢陵
2615,1875,YIG,弋阳
2616,1876,YIK,阳谷
2617,1877,YIN,宜城南
2618,1877,YYN,宜城
2619,1878,YIP,鹰手营子
2620,1879,YIQ,岳阳东
2621,1879,YYQ,岳阳
2622,1880,YIR,英吉沙
2623,1881,YIU,黟县东
2624,1882,YKG,鹰潭北
2625,1882,YTG,鹰潭
2626,1883,YKJ,盐池
2627,1884,YKQ,郁南
2628,1885,YKX,牙克石
2629,1886,YLW,永郎
2630,1887,YLX,伊拉哈
2631,1888,YME,羊马
2632,1889,YMF,义马
2633,1890,YMN,云梦
2634,1890,YRN,云梦东
2635,1891,YMR,伊宁
2636,1892,YMS,雁石南
2637,1893,YNB,永安乡
2638,1894,YNP,延庆
2639,1895,YNY,阎良
2640,1896,YOB,友好
2641,1897,YOG,攸县
2642,1898,YON,阳新
2643,1899,YPB,一面坡
2644,1899,YXB,一面坡北
2645,1900,YPE,以勒
2646,1900,ZXE,镇雄
2647,1901,YQA,杨桥
2648,1902,YQB,玉泉
2649,1903,YQL,永庆
2650,1904,YQS,永安南
2651,1905,YQW,月华
2652,1906,YRB,杨岗
2653,1907,YRT,榆树
2654,1908,YRY,宜君
2655,1909,YSF,偃师
2656,1910,YSJ,玉石
2657,1911,YSL,烟筒山
2658,1912,YSP,元氏
2659,1913,YSR,焉耆
2660,1914,YSX,榆树屯
2661,1915,YTI,玉田南
2662,1916,YTL,伊通
2663,1917,YTM,万象
2664,1918,YTS,永泰
2665,1919,YUE,云阳
2666,1920,YUH,宜兴
2667,1921,YUK,沂水
2668,1922,YVK,阳信
2669,1923,YVV,阳明堡
2670,1924,YWA,崖州湾
2671,1925,YWE,银花
2672,1926,YWH,义乌
2673,1927,YWR,于田
2674,1928,YWY,延安
2675,1929,YXD,义县
2676,1930,YXG,攸县南
2677,1931,YXL,延吉西
2678,1932,YXS,尤溪
2679,1933,YXY,洋县西
2680,1934,YYB,迎春
2681,1935,YYJ,鸳鸯镇
2682,1936,YYY,砚川
2683,1937,YZA,银盏
2684,1938,YZF,禹州
2685,1939,YZJ,营盘水
2686,1940,ZAA,张槎
2687,1941,ZAD,治安
2688,1942,ZAP,涿州东
2689,1942,ZXP,涿州
2690,1943,ZAQ,株洲西
2691,1943,ZZQ,株洲
2692,1944,ZAZ,钟山西
2693,1945,ZBK,淄博
2694,1945,ZRK,淄博北
2695,1946,ZCN,枝城
2696,1947,ZCS,漳浦
2697,1948,ZDB,肇东
2698,1949,ZDC,卓资东
2699,1949,ZZC,卓资山
2700,1950,ZDH,诸暨
2701,1951,ZDN,驻马店
2702,1951,ZLN,驻马店西
2703,1952,ZDP,正定
2704,1953,ZDS,诏安
2705,1954,ZDW,昭通
2706,1955,ZEC,准格尔
2707,1956,ZEE,镇江关
2708,1957,ZEK,枣庄
2709,1957,ZFK,枣庄西
2710,1957,ZNK,枣庄东
2711,1958,ZER,准东
2712,1959,ZES,政和
2713,1960,ZEY,镇安
2714,1961,ZGB,赵光
2715,1962,ZGE,自贡
2716,1962,ZGW,自贡北
2717,1963,ZGU,柘皋
2718,1964,ZHP,正定机场
2719,1965,ZHY,子长
2720,1966,ZIA,洲心
2721,1967,ZIK,邹城
2722,1968,ZIN,枝江北
2723,1969,ZIP,张辛
2724,1970,ZIQ,珠海北
2725,1971,ZIS,支提山
2726,1972,ZJD,双辽
2727,1973,ZJY,钟家村
2728,1974,ZJZ,湛江
2729,1974,ZMQ,湛江北
2730,1974,ZWQ,湛江西
2731,1975,ZKF,周口东
2732,1975,ZKN,周口
2733,1976,ZLA,珠海长隆
2734,1977,ZLD,扎鲁特
2735,1978,ZLK,邹平
2736,1979,ZLT,镇赉
2737,1980,ZLY,庄里
2738,1981,ZMN,纸坊东
2739,1982,ZMP,张家口
2740,1983,ZNE,乌江寨
2741,1983,ZYE,遵义
2742,1984,ZNJ,中宁南
2743,1985,ZNO,扎囊
2744,1986,ZNS,周宁
2745,1987,ZOB,周家
2746,1988,ZOG,樟树东
2747,1988,ZSG,樟树
2748,1989,ZOM,珠琳
2749,1990,ZOQ,樟木头
2750,1991,ZPF,镇平
2751,1992,ZPQ,芷江
2752,1993,ZPR,泽普
2753,1994,ZQK,诸城
2754,1995,ZQY,张桥
2755,1996,ZRC,朱日和
2756,1997,ZRQ,樟木头东
2757,1998,ZSE,朱砂古镇
2758,1999,ZSY,柞水
2759,2000,ZTA,中堂
2760,2001,ZTJ,中卫南
2761,2001,ZWJ,中卫
2762,2002,ZTX,扎兰屯
2763,2003,ZUA,竹料
2764,2004,ZUB,朱家沟
2765,2005,ZUJ,朱家窑
2766,2006,ZUM,竹园
2767,2007,ZUS,漳州
2768,2008,ZUT,庄河北
2769,2009,ZUW,镇远
2770,2010,ZVP,枣强
2771,2011,ZVT,镇西
2772,2012,ZVY,紫阳
2773,2013,ZWB,张维屯
2774,2014,ZWD,彰武
2775,2015,ZXC,正镶白旗
2776,2016,ZXG,漳平西
2777,2017,ZXJ,漳县
2778,2018,ZXX,扎赉诺尔西
2779,2019,ZYN,枣阳
2780,2020,ZZY,子洲
